博文,发文时间,关键词,是否担忧（1=担忧，0=不担忧）,标签1（担忧对象）,标签2（担忧什么）,标签3（什么保险）,标签4
我怀疑我养猫就像吕子乔有了孩子那样天天怕猫生病怕照顾不好她整个假期除了给自己买了一件衬衫外全是些空气消毒器 卫可 杀菌喷雾 各种乱七八糟增强抵抗力的东西 以及不知道会不会得病的各种药 洗剂长胖发腮不指望以后长成撒子p样儿也不指望沙发抓烂也可以你把aj给我咬穿都可以手机屏幕你喜欢拿来磨牙你就磨不过要酒精杀个菌先我唯一愿望竟然是你活久一点再久一点再久一点这猫才到手两个月我这脑壳里面想的也太多了吧所以我以后坚决不养娃儿领养都不 收起全文d,今天02:10,会不会得病,1,猫,健康,宠物保险,
天天失眠 我会不会得病 ​,今天01:38,会不会得病,1,自己,健康,健康保险,
继之前每天担心得病的恐慌之后。现在每天陷入了 接下来会不会饿死的恐慌。可能需要一点勇气冲出去一趟超市吗？？？那我可能会买个好几千的东西回家！！！突然觉得仓鼠屯吃的真是明智！ 2武汉·荟聚购物中心 ​,今天01:25,会不会得病,0,,,,
抑郁症我没有得病，能在这里说话吗（不好意思不知道会不会冒犯到） 2济南 ​,今天01:18,会不会得病,0,,,,
从前每次拉肚子的感觉仅仅是感觉被掏空，会不会减肥。现在已经是我不会得病了叭，会不会减肥 ​,02月12日 23:09,会不会得病,0,,,,
啊啊啊我会不会已经得病了 开始有丢丢咳嗽了 ​,02月12日 21:12,会不会得病,1,自己,健康,健康保险,
我刚刚下楼拿快递，貌似护目镜到了，看着电梯里放着贴心纸巾给你按楼层用的，我不用，很得瑟的看着自己带一次性手套，觉得自己了不起的聪明，大摇大摆出了电梯到了楼外，就在此时我突然发觉我忘了带口罩啊啊啊啊啊到了家问我会不会得病啊，某人回：肺炎到不会，但是脑子必须看看去 ​,02月12日 20:40,会不会得病,0,,,,
天天被猫咬出血没去打过针会不会得病？（猫的狂犬疫苗也没打） 2长沙·长沙县 ​,02月12日 15:08,会不会得病,1,自己,健康,健康保险,
🎉🎉大杨树的热力公司:我们百姓不希望你们能为国家做什么，人民更没让你们冲到疫情前线。在这危难时期只希望你们能够保证群众的温暖就那么难吗？你们供热温度再回升不了，有多少家里的孩子和年迈的老人因此得病和感冒！又因此她们会不会出门去买药，到医院的情况何尝又不会出现。在这疫情时期你们想没想到危险的后果？在这一亩三分地供热问题就那么难吗？请你们不要给国家和百姓雪上加霜了！！！       大杨树百姓呼吁～我们的政府为人父母官何时又能解决问题！！ 收起全文d,02月12日 11:29,会不会得病,0,,,,
连续快一周，睡不好，总是这个点醒来，发现胸口闷的难受，这样下去不知道会不会得病三年了，每次的分手，我都难受得要💩，每次的和好，又会觉得自己超幸福。提分手的是你，要和好的是你，答应结婚的是你，说娶不了了，还是你爱情真难啊 记下这一天吧，以后别再重蹈覆辙了🙃不然又得💩一回 收起全文d,02月12日 04:59,会不会得病,0,,,,
今天中午才开玩笑说，我会不会得病，如果得病就死掉算了。晚上就看到同村疑似病例，还接触过她家人。还是不要得吧，虽然人生很苦，但是我还有妈妈，不能让她更苦 ​,02月12日 00:12,会不会得病,0,,,,
看了钟南山院士接受路透社采访的视频后，感慨啊，不知道网上那群“拧着脖子红着脸非说李文亮医生不能称为英雄，还有啥啥没按流程来之类的p话”的人，这会儿心里咋想？祝愿你们一生都不要得病吧，否则不知道你们就医的时候，会不会受到良心的谴责。哦…抱歉，我不知道你们有没有良心，多虑了多虑了 ​,02月11日 23:07,会不会得病,0,,,,
出门会不会得病我不知道可是我知道我要是再不出门，我就快得抑郁症了 ​,02月11日 22:08,会不会得病,0,,,,
#总怀疑自己得病怎么办#所以最近发烧能不能去医院？去医院会不会感染？ ​,02月11日 18:42,会不会得病,1,自己,健康,健康保险,
#全国新冠肺炎累计死亡破千#太可怕了 希望快点度过难关吧 真的是门都不出 依然每天担心自己会不会得病 过一会就去量一下体温 可能是心理作用 但真的是害怕😱 2大同 ​,02月11日 16:22,会不会得病,1,自己,健康,健康保险,
头疼，想睡觉，但是又得工作。。。第一次这么害怕自己会不会得病。。。 ​,02月11日 15:15,会不会得病,1,自己,健康,健康保险,
“会不会灭亡”“不会”“可是都有几千人死了”“不会的，只要把得病的人拉进医院，就不会传染了有逃离的，有隐瞒的，有乱跑的，有绝望的，有报复的。宏观知道怎么做，落到每个人头上，都是一场灾难，都是荒诞的绝望的。梦初醒时，想好了一切，太阳升起时，忘记了一切，甚至还暗暗嘲讽。 ​,02月11日 14:13,会不会得病,0,,,,
#总怀疑自己得病怎么办#昨晚梦见自己一个人上街没带口罩，回家之后哭着和妈妈说会不会得新型肺炎 ​,02月11日 10:38,会不会得病,1,自己,健康,健康保险,
【有用！复工了，转存这份#就餐防疫指南#】买回来的果蔬肉类食材会有病毒吗？如何处理食材才能安心食用？去食堂吃饭安不安全？叫外卖会不会感染？......戳图↓↓#复工就餐守则#，转走牢记！ ​#总怀疑自己得病怎么办# ​​​,02月11日 09:10,会不会得病,0,,,,
【有用！复工了，转存这份#就餐防疫指南#】买回来的果蔬肉类食材会有病毒吗？如何处理食材才能安心食用？去食堂吃饭安不安全？叫外卖会不会感染？......戳图↓↓#复工就餐守则#，转走牢记！ ​#总怀疑自己得病怎么办# ​,02月11日 08:53,会不会得病,0,,,,
#WHO 新冠病毒不怕炎热湿润天气#会不会怕结核杆菌？我总觉得自己得病了，只是因为得过肺结核，新冠病毒干不过结核杆菌，所以我一直没事 ​,02月11日 08:44,会不会得病,0,,,,
疫情再不过去，我会不会得病我不知道，我感觉我的对象快要黄了。 ​,02月11日 05:15,会不会得病,0,,,,
"河南农民裸捐15万!你想知道的所有真相都在这里，请签收你的关注

　　至善在心

　　河南日报农村版记者 宋朝 冯佳志

　　荆小银从口袋里掏出自己的手机，是一款有棱角有厚度的老年机型，除了接打电话，与当下的互联网并不沾亲带故。

　　即便来了几拨记者，荆小银和他的老伴王小丑还没有弄清楚什么是网红。

　　2月10日中午一点过了，荆小银老两口午饭还没有吃到嘴里。王小丑问村党支部书记荆国伟：这些人都是弄啥哩，问这问那的?

　　荆国伟说，管他问啥哩，你有啥说啥就是了。

　　一、大写的河南农民!武陟农民捐出平生积蓄15万元!

　　2月9日晚上7点，河南日报农村版今日头条官方账号推送了一条消息：焦作市武陟县嘉应观乡东营村67岁的农民荆小银和69岁的老伴王小丑捐出了全部积蓄15万元给村、乡、县，希望这些钱能够帮帮国家，赶紧把得新冠肺炎的病人治好。

　　河南农民战“疫”裸捐炸屏、霸屏，很短时间内，网友评论达到400多条。

　　除了敬重、佩服，有人说“该捐不该收”，有人说“病了没钱怎么办”，有人说“会不会捐完就后悔了”，有人怀疑是“高手策划”，但所有的这些，荆小银都不知道，他和王小丑睡的很安稳：“自从把钱捐出去以后，我就终于能踏踏实实睡了!”

　　二、荆小银说要捐15万元，荆国伟吓了一跳

　　2月8日下午，荆小银用电动车拉着患双侧股骨头坏死多年走路都要柱棍的王小丑到东营村党支部找到了党支部书记荆国伟。

　　“老两口说看大家村口值班很辛苦，也要捐俩钱，我说行，捐俩就捐俩吧，谁知道他掏出来5000块钱，我说你有个意思就行了，他两口不依!”荆国伟说，临走的时候，荆小银把他拉到一边，说他还准备给乡里捐点、给县里捐点，把家里的钱都捐了，大数是15万吧，这可把荆国伟吓了一跳。

　　“我也吓了一跳!”嘉应观乡党委书记韩剑说：大概下午四点，他接到了荆国伟的电话，说荆小银捐钱的事，他赶紧和县里慈善协会联系，慈善协会的同志在电话里说：如果是真的，你们乡里就安排个捐赠仪式吧。

　　当天晚上，荆小银真把钱送来了。

　　三、捐钱的事，老两口初五就定下了

　　“今年这情况，都不能走亲戚，我在电话里给孩子闺女都说了，不让他们回来。年初二，我出去转转，冷呵呵的，各个入村口都在量体温、消毒，看着辛酸!”荆小银说。

　　荆小银家2009年新修了主房，一层平房上面是用拆下旧房的梁、檩、椽子以及砖瓦搭的坡屋二层，平常人家是放杂物的，但也能住人。

　　王小丑的病怕湿寒，荆小银就把二层拾掇拾掇，变成了老两口的主要生活区。

　　“过年这几天，天天看新闻，看着武汉的病，心里难受。”王小丑说：初五晚上，我睡不着，对当家的说，这么大的事，咱也出不上力，干脆给国家捐点钱吧!当家的问捐多少，我说能捐多少就捐多少吧!

　　荆家的钱不存银行，都用塑料袋装了放在荆小银床里边枕头边上。

　　荆小银说，当时他拉亮灯，抖开一个个塑料袋数了数，给老伴说能捐15万。

　　四、每一张钱上都有汗渍和孝心

　　“2009年盖这房子的时候，我娘家哥、弟和侄子还给我送来了两万多，过了两年吧，这钱才还完。”王小丑说。

　　荆小银身体好，闲不着，连年都跟着邻村的牛向林南南北北搞建筑：“我没啥手艺，和灰、搬砖，是个小工;早年一天七八十块工钱，现在一天一百三四了!也行，去年一年干了二百来天，工地上管吃管住，净拿回来了两万六!”

　　荆小银有一个儿子两个姑娘：“农民嘛，日子都还过得去，都在武陟县城买了房子，儿子的房子还有贷款，好像也不多”。荆小银说，孩子们都孝顺，逢年过节都给钱，年前儿子送回来两千多，俩闺女送来了小三千了!

　　69岁的王小丑每月发的农保钱是126.74元，她残疾二级，每月发60块，超过67岁了，武陟地方政府还每月发39块钱的补贴;荆小银67岁，今年还没领到这39元，他的农保收入是每月121.88元。

　　“我还有7亩地，一年国家发700多粮补;种一季小麦一季玉米，除了本钱，一年能卖七八千块钱吧!”荆小银说。

　　15万就这么攒起来的。

　　五、只要老人快乐，他们怎么着都行

　　“一说捐这么多钱，我当时真愣了，一转身就给他儿子荆红亮拨了电话，问他知道不知道这事。他儿子说知道，他爹给他说了，他当时的态度是只要俩老人心里高兴、快乐，咋着都中!”荆国伟说。

　　荆小银的两个女儿也知道这事，都说中。

　　荆红亮还把这事给在南京上大学的儿子说了，他儿子还夸爷爷觉悟高呢!

　　给县里捐的108800元这个数字，是荆小银和王小丑俩人商量着定的：“想着是个吉利数字，希望国家顺当吧!”

　　乡里捐了35000元，也是老两口定的：“早先老两口送来了5000块钱，后来又送来1200块钱，给我说凑个整数吧，正好15万!”荆国伟说。

　　韩剑说起这事有点动情：要说咱自己捐个三万五万的，也不是拿不出来，可他挣个钱存个钱多不容易，居然都捐出来了，还不是脑子一热捐出来的，还是深思熟虑捐出来的，这种精神咋不让人感动!

　　六、荆小银家充100块钱电费，半年都用不完

　　荆小银常年不在家，王小丑的生活很简单。

　　“我得病20年了吧，活动少，这也不吃那也不吃，院子里种的菜吃不完;下楼不方便，有时我就煮个苹果、磕个鸡蛋、冲点奶粉。”王小丑说。

　　荆家的洗衣机还在楼下，没用过;儿子送回来的电冰箱只在过年的时候开几天;电灯都是5瓦的节能灯;楼上的两个小吊扇也不常开;一台很小的平板电视算是他们家利用率最高的电器了。

　　“原来我记得一个月一块钱电费，最多五块钱，电工都说俺家的电表不转圈!”荆小银说，现在好像多了，电工说充一百块钱电，随便用半年也用不完!”荆小银说着自己都笑了。

　　别看荆小银不常在家，下楼不方便的王小丑并不孤单。

　　白玉贞、周玉平、成保珍都和荆家住的不远。

　　72岁的白玉贞说：我们几个见天都要来一回，说说话，扫扫地，洗洗涮涮，都好多年了!亲着呢!

　　成保珍说：俺乡下人嘴拙，只能说，这家人真是好，心善!

　　网民提出了很多问题，转述给荆小银后，这个普通的老人做了最朴素的回答。

　　你捐了钱不怕别人乱花吗?

　　荆小银：人心都是朝下长的，怕他们贪污就不给他们了。

　　你捐完了将来有病了怎么办?

　　荆小银：我身体很好啊，再干几年，钱不就挣来了嘛!再说了，孩子们都孝顺，还能没爹娘一口吃的。

　　不知道两个至善之人现在还有没钱?

　　荆小银从床头拿出个塑料袋认真地数了数：3320元

　　但荆小银不知道网上有这么一句话：河南，大事从未输过。⑥ 收起全文d",02月11日 03:50,会不会得病,0,,,,
#总怀疑自己得病怎么办# 自己从23号放假一直在家也没出门，但是咳嗽了，整天看网上说症状老觉得自己是不是中了会不会有问题，看了医生说只是感冒🤧但是还是好怕 ​,02月11日 02:20,会不会得病,1,自己,健康,健康保险,
#总怀疑自己得病怎么办#很担心自己生病被隔离了 会不会有一群人冲进我家里把我的狗带走 ​,02月11日 02:15,会不会得病,1,自己,健康,健康保险,
#总怀疑自己得病怎么办#大年初一出门吹风又淋雨，然后晚上开始流鼻涕喉咙痛又引发了咽炎咳嗽，咳的那叫一个停不下来，我慌了吗，我慌了吗，我慌了一天恨不得分分钟量体温那两天我都刻意一点多才起床，和爸妈吃饭时间隔开后来晒了太阳鼻涕好了，但是咽炎咳嗽没那么容易好，然后就要去值班上班了，我自己都怕会不会有病传染别人直到这两天咳嗽也有点稳定了才稍微有点安心（ps：每天上下班路上七八次的量体温其实给了自己很大的安全感） 收起全文d,02月11日 00:03,会不会得病,1,自己,健康,健康保险,
#总怀疑自己得病怎么办# 熬夜追剧头疼脸不舒服的时候怀疑自己会不会中风 还有一个是老怀疑自己是不是得了阑尾炎 2通辽 ​,02月10日 23:57,会不会得病,1,自己,健康,健康保险,
感觉最近这世道就是大写的凭运气做动车高铁飞机是不是安全凭运气究竟怎么传染到底会不会得病凭运气连网上买水果看评论都觉得能买到的是好的还是坏的也得凭运气 ​,02月10日 23:33,会不会得病,0,,,,
#总怀疑自己得病怎么办#是我了，怕被传染，一咳怀疑自己是不是潜伏期，担心会不会传给别人 ​,02月10日 22:52,会不会得病,1,自己,健康,健康保险,
#总怀疑自己得病怎么办#日常念叨疫情啥时候过去我啥时候能开学去吃火锅麻辣烫螺蛳粉我晚上总是莫名其妙头脑发热会不会有病啊 ​,02月10日 22:09,会不会得病,1,自己,健康,健康保险,
#总怀疑自己得病怎么办# 真的是要被自己吓死了，昨天中午开始有点儿咳嗽，嗓子还疼。就各种被害妄想症觉得会不会被传染了实在怕了在微博问了下医生，说可能是咽炎哎…在家憋着还莫名恐慌…怎么办呀… ​,02月10日 22:07,会不会得病,1,自己,健康,健康保险,
#总怀疑自己得病怎么办#是我，出去全副武装回来到处喷75%酒精然后洗头洗澡洗衣服还担心会不会被感染 ​,02月10日 22:07,会不会得病,1,自己,健康,健康保险,
#总怀疑自己得病怎么办#年初二的时候我感觉全身乏力，肌肉酸痛，然后问我姐会不会坐车被感染了。然后，我姐说:“你试下不要每天上午睡到11点，下午睡到4点。 ​,02月10日 22:00,会不会得病,0,,,,
终于出去买点东西  从一群围在一起聊天的人旁边经过  回来后异常恐慌 感觉到处都是细菌  一度怀疑自己会不会染了病毒#总怀疑自己得病怎么办# ​,02月10日 21:59,会不会得病,1,自己,健康,健康保险,
#总怀疑自己得病怎么办# 咳嗽咳了大半个月了都不好，总是害怕自己会不会得冠状肺炎…… ​,02月10日 21:52,会不会得病,1,自己,健康,健康保险,
老是醒来头痛，假太长止痛药都要吃完了，搜了好久被感染会不会只有头痛症状最后发现可能是玩手机时间太长姿势不良+睡太晚而已[米奇大哭]#总怀疑自己得病怎么办# ​,02月10日 21:40,会不会得病,1,自己,健康,健康保险,
#总怀疑自己得病怎么办#我之前发微博说我结膜炎犯了，有网友评论说自己也是结膜炎，会不会是得了肺炎…… ​,02月10日 21:33,会不会得病,1,自己,健康,健康保险,
#总怀疑自己得病怎么办#被逼的终于回来复工隔离了，从火车站一路瑟瑟发抖，就怕自己会不会粘上 2盐城 ​,02月10日 21:31,会不会得病,1,自己,健康,健康保险,
#总怀疑自己得病怎么办# 前几天点了奶茶外卖，担心自己会不会感染，失眠了一晚上 ​,02月10日 21:25,会不会得病,1,自己,健康,健康保险,
靠，头疼，想睡觉，但是又得工作。。。第一次这么害怕自己会不会得病。。。 ​,02月10日 21:15,会不会得病,1,自己,健康,健康保险,
#总怀疑自己得病怎么办#太真实了，一天到晚每个小时都回想刚刚那一小时我接触了啥，会不会有机会接触到病毒，然后喷酒精，可能真是干啥啥不会，怕死第一名 ​,02月10日 20:40,会不会得病,1,自己,健康,健康保险,
今天开始上班了，和同事说最多的话可能就是：“我是不是发烧了”“我好像发烧了”“我怎么感觉我额头那么烫”“我嗓子有点哑了，怎么办” “我会不会要被隔离了”“隔离一点多公里确诊了一个，完了完了”……………#总怀疑自己得病怎么办# 好吧，门卫处体温36.5 2广州 收起全文d,02月10日 20:38,会不会得病,1,自己,健康,健康保险,
#总怀疑自己得病怎么办#是真的！我每次咳一下就好怕 然后赶紧深呼吸一下看看会不会痛我坐久了就觉得胸闷然后去阳台走一会就好了 总结一下 都是闲的 ​,02月10日 20:33,会不会得病,0,,,,
#总怀疑自己得病怎么办#刚开始太过焦虑了我也总怀疑自己会不会被感染，晚上都睡不好。后来觉得这样不行，就尽量不去看太多疫情新闻，去看点开心的。然后我就快快乐乐追剧追星，下一站是幸福，蓬莱间，庆余年，还有哥哥的各种物料，很快就把这事给忘了 ​,02月10日 20:32,会不会得病,0,,,,
#总怀疑自己得病怎么办# 自信点，不要怀疑，你就是得病了睡觉一整天，感觉头昏昏沉沉要爆炸了一样，可能是神经衰弱。看手机一整天，感觉视线模糊，眼睛是不是又要瞎了。躺在床上一整天，感觉浑身乏力，会不会是得病了。吃了一整天的东西，也不想拉粑粑，会不会是便秘了。一直有小便的冲动，会不会肾有问题了。坐了一整天，浑身酸痛，会不会有腰椎间盘突出。我姐说：你不是得病了，你是瘫痪在床了！ 收起全文d,02月10日 20:25,会不会得病,0,,,,
#总怀疑自己得病怎么办#   每天在想自己好像温度有点高，喉咙有点疼，会不会得了肺炎快工作半个月了，什么时候能休息啊→_→能被隔离好像也是幸福的 ​,02月10日 20:06,会不会得病,0,,,,
#总怀疑自己得病怎么办#家里人一咳嗽，我想会不会是……每天自己头疼，也猜想会不会是今天早上醒来咽痛，又怀疑是不是……感觉自己已经神经质了 ​,02月10日 20:05,会不会得病,1,自己,健康,健康保险,
#总怀疑自己得病怎么办#我不是怀疑自己……我总怀疑我爸妈会不会得病，咳嗽我都怀疑 ​,02月10日 20:02,会不会得病,1,父母,健康,健康保险,
#总怀疑自己得病怎么办#这两天接触的新闻太多了确实焦虑了，打个喷嚏，或者胸闷了都感觉会不会是得病了，越到晚上越郁闷，深夜刷微博都感觉自己不行了，上次无聊测了一下感觉问题真的很大 ​,02月10日 19:49,会不会得病,1,自己,健康,健康保险,
你确定都理解对了吗？你不商量的事情你父母过来你也不商量，只让我配合你们的时间你父母说的结婚日期你借钱买保险你买车你借钱给朋友你去贵阳你第一次租房子一次一次我都是最后被告知的那个人，在你看来，我是不是能不能接受，我是必须接受，我不是能不能做到，我是应该做到，你有尊重我，体会我的感受吗？我有哪一次阻止你做什么事吗？你都不用和我商量，你昨天和你父母是怎么说的，我爸说了，我只能2月5间和8月间结婚，我们两肯定是不能年前结婚，你爸妈着急忙慌地过来这个事情也是实现不了的，而且昨天你爸打电话和我爸说，就已经有些小不愉快，我昨晚解释了半天，在我二叔家，我妈问你，你了一会儿，你没回我妈，对你坐在前面的人讲，我妈一个人坐在那里，一句话也说不上来。这次见面，你把很多事情都想得很简单，这么急，如果谈不到一起，怎么办！我制定规则婚前婚后你不能强迫我所以，婚后这财务还是清晰明白的好，建议如下：     （1）两个人的工资、外快、投资收入统一管理，往外花钱的规则要商量出一套大原则和执行技巧，有进有出有结余。     （2）家里大项开支有报批决策机制，未来财务有规划，应急开销有预案。     （3）平常家庭日常开销有流水账，每月汇总数据，两个人都要心里有数。     （4）个人大项开销需求提前申请，申述理由，统一意见以后执行。     （5）留出夫妻个人一定比例的自由支配金额，还有家庭的幸福存折。 2黔西南布依族苗族自治州·兴仁县 收起全文d,02月11日 15:32,我是不是应该买保险,0,,,,
昨天的梦第一个梦梦见高中寝室 我们早上起床就开始讨论王者荣耀 我下床之后 小卢说裴擒虎好玩 我就特别惊讶 说“你还会打老虎呢？打野可难了 我打野没意识 ” 然后进来了两个学长（现实中没见过）说来检查女生宿舍的整洁程度 我把我装满零食的柜子打开 骄傲的说 “哥哥你看 我的柜子是不是你见过最干净的女生的柜子” 我柜子里好多沙琪玛 一打开还有一大袋差一点点滚出来 然后那个两个哥哥就开始跟我们讨论王者荣耀第二个梦梦见我发现了一张办公桌可以穿越回很久以前 一个经济很低迷的时代 那个时代的有钱人流行的投资方式就是去买保险然后骗保 而且由于保险行业发展还很不完善 大家都知道骗保这事的存在 但是没办法查处 那个办公桌在的地方就是以前一个保险公司 这个办公桌在的位置以前也摆着办公桌 这个保险公司后来因为被骗保而破产了 然后全公司的人都自杀了 所以这个公司在的位置阴气特别重 才会有这种穿越的情况发生然后我就躺在办公桌上 穿越回了以前 现代有人一直跟我保持着联系（好像是蓝牙耳机还是什么方式我忘了）我回去之后就说我要买保险 看见一个有钱的大帅哥也来买保险 应该是准备骗保 手里还拿着一袋瑞士莲 还看见六日了 （也不知道六日为什么也在）我和六日去跟大帅哥搭讪 大帅哥给了六日蓝色的瑞士莲 他自己拿了黄色的 然后问我要什么颜色 我说我最爱吃红色的 他开心的说 那我们可以当好朋友（不知道这是什么逻辑） 然后我们就因为分享巧克力成为了好朋友 一起去买保险由于我穿越过去 一点钱没有 我就装着有钱人说我忘记带钱了 大帅哥帮我给了钱 我买到了保险 但是还没来得及骗保 就穿越回去了中间还出来了一个查骗保的警察 他过来问我们三个一些问题 由于我们给他吃了瑞士莲他觉得我们不像坏人 问了几个简单的问题问完就走了我回去之后 跟我一直联系着的现代技术人员跟我说 穿越系统出了毛病 现在不能穿越回刚刚那个时代了 现在可以穿越的时代是马上那个公司就要被骗保然后破产了于是我就决定再穿越回去把我的保险给退了（我也不知道我买的个什么保险为什么还能退）（因为我买保险花的大帅哥的钱 退了保险我也能拿到当初买保险的一大笔钱）然后那个技术人员很担心地问我 说现在可以穿越过去的那个时代只说法语了 你这个法语水平 没法退保险啊 我就说你让我试试 我有办法 我就又躺在桌子上穿越过去了 一过去我就开始嚎啕大哭 希望员工可以理解我要退保险的意思然后醒了 （我果然是个坏女人 一般什么超级英雄穿越回去都会去拯救这个公司 挽回一下损失 我知道人家要破产要自杀 我还要去骗他们钱） 收起全文d,02月11日 00:28,我是不是应该买保险,0,,,,
今日感觉联合国是不是应该出售保险啊，这样中国有难，国外报销，这样方可度过难关，以后给孩子买保险，即要买国内的，也要买国外的，双重保险 ​,02月08日 22:50,我是不是应该买保险,0,,,,
"R1SE ⚡️ #没有人比r1se更爱r1se#
壶妹们，每人来一句团综里戳你笑点的话吧
（虽然我壶说的每一句话都是梗哈哈）😂
我的话Emmm（排名不分先后，就随便写一点）
❤️周震南
“你就是个猪”hhhhh（弟弟的口音真的说啥都能笑死我）
-“你莫管”
-“好嘛，那个绿色在哪里嘛”
❤️任豪
“一分钟两百万的我”
-“工作你的呗”
-“拿50块给他霍霍吧”
-“除暴秦，诶，这不sí cuān话吗”
-“把你揍cén二锅头”
❤️张颜齐（每次都能笑死我哈哈哈哈）
“星星向人？狒狒像人！”
-“男孩和女孩不好我哭了，太阳和月亮不好我炸了”（我也笑炸了）
-“给我p掉…¥&%dbhdhdjd”
-“浪奔，浪流…我才是老大”
-“呵，我不买保险”
❤️翟潇闻
“翟潇闻你有驾照吗”
“有，我们小区的儿童驾照”
-“我把他们当兄弟，他们想当我女婿？”
-“生旦净末你”
❤️赵磊（可爱的声带模仿&魔性哈哈哈）
“对不起我是大sé头”
-“我还是去看看吧，哈哈哈哈哈哈哈哈哈”
-“先生买房吗…学区房…”（小机灵鬼hh）
❤️赵让
-做新菜“咸鸭蛋炒蛋”
“别吧，不行，不好”
-“我是！赵呀呀呀呀呀呀呀让”
-“我上啥，我啥都不会”（可爱si了）
-“你会玩牌吗你”
❤️何洛洛
“你可以先把馅煮熟……像吃烤鸭一样”
（其实我觉得很可取哈哈）
-“咸鸭蛋炒蛋”
-“你为啥老做蛋饼，你就会做蛋饼是不”
“不一样，做功不一样”（你可爱，说啥就是啥）
❤️刘也
“我说要做辣椒炒肉他这小表情给我使得”
-“咋滴你是老大呀，跑这指挥来啦，说话！”
-“老师我这样是不是特像宫女”
❤️姚琛
“收汁”hhhh
-大摆锤
“3……3…应该是5吧”😂
❤️夏之光
模仿东北话和四川口音真的笑惨我
“脚丫子给我拿下去”
❤️焉栩嘉
“做啥zèi”（四川口音哈哈哈哈哈）
-“如何干掉一条强吻你的鱼”（记不清了，好像是“干掉”😂）
-“让你买拆弹器你不买”
【好了我要收手了，越写越多哈哈哈】
以下时间交给你们👇

@R1SE官博 收起全文d",02月08日 18:57,我是不是应该买保险,0,,,,
✏️#学点保险# No.41 疫情期间还推保险，会不会招人烦？关于这个问题，可以说是我最近半个月来一直在思考的一个问题。疫情之下，人心惶惶，任何销售行为都变得敏感，一个不小心，一段话几个句子，如果被误读，或过分解读，都可能对自己造成打击。特别是对保险这个产品来说，本身比较特殊，多年来信誉差信任度低，在当前这个特殊形势下，用词不当，角度不对，不客观理性，很容易就被人扣上“贩卖恐慌”“发肺炎财”的骂名。保险对我来说是一种美好生活方式，有了保险，我就心不慌有底气，就比如今天早会得知公司为我们每一个代理人增加了【特别慰问金】：确诊感染新型冠状病毒肺炎5万，因感染不幸身故追加40万。立马就好像吃了定心丸，没那么慌了。因为我本身高度认可保险，觉得保险非常好，买保险时想到的都是美好的事，并且身处这个行业，对保险信息有很多的了解渠道，所以看到朋友圈里同行发各种关于保险的信息，我都能理性分析，能够辨别哪条是真哪条是假。根据这些不同的朋友圈内容，我一直在给各个同行打分，做不同的标签，不断告诫自己，那些让我反感的内容，我坚决不要发，那些让我觉得一直发low内容的人，直接设成不看他朋友圈或者将其删除。在做这些动作的过程中，我也在思考，我到底想成为什么样的保险代理人？我应该用什么方式来传播保险知识？我要不要推保险产品？我怎么做才不会让别人对我竖起藩篱？通过这两天遇到的咨询来看，人们对保险是有需求的，来咨询我的朋友基本都是主动来问我，我没有强促的动作，因为我始终觉得，一定是需求激发购买，没有需求的促单都是无用功。来咨询的朋友说一直在默默关注我的朋友圈，我发的#学点保险#她每篇都有看，觉得我的朋友圈内容和别的卖保险的不一样，通过我写的#学点保险#，她对保险的认识一点点增多，头脑里慢慢对保险有了清晰画像，所以就对保险生出兴趣想要再多了解了解，并且觉得我不会给她太多压力，于是主动想和我聊聊。所以，我就此觉得，不管是不是在疫情的特殊时期，保险都是没错的，错的是我们推的方法，是不是客观，是不是真实，是不是值得信赖，是不是提供了充足有效的信息让别人自己做决定。唯有方法正确，产品才能有效触达到有需要的人，唯有如此，才既做了正确的事，又不招人反感，互惠互利，赢得尊重。关于这一点，以后要保持每日三省吾身，随时纠正。是以为记。 收起全文d,02月04日 23:04,我是不是应该买保险,0,,,,
没有被动收入的小伙伴这段时间是不是慌了？我们啊一定要进行资产配置，什么是资产配置呢？资产配置就是对自己的资金在各个资产之间进行合理安排的一个过程。能做到进可攻退可守，前攻后防，做好合理的资金安排，在突如其来的风险面前也能保障家庭财务的稳定，不影响正常生活，又能够不断的让钱生钱，逐步实现财务自由。下图叫做标准普尔家庭资产象限图，在这张图上，把钱的用途分成了四份：要花的钱、保命的钱、生钱的钱、保本升值的钱。这张图告诉我们一个家庭的钱应该分成以上四个部分。第一部分钱用来作为短期消费。第二部分钱应该用来买保险，作为家庭的保护伞~剩下的钱可以用来投资，一部分追求稳定可持续的收益，而另外一部分资金可以用来买高风险资产，追求高收益。如果大家都进行了资产配置，那么在这段时间就并不会出现为还房贷，车贷，交房租等问题焦虑的情况了#资产配置# 收起全文d,02月03日 16:54,我是不是应该买保险,0,,,,
成人重疾应该怎么选？   🌟买保险就是买保额、保障，只有适合自己的保险才是最好的。先了解一下成人购买保险的优先顺序是：重疾、医疗、意外、寿险，其次为年金类：教育金、养老金💎💎💎重疾险：1⃣️、重疾险越早买越好，因为过了50岁以后，就很难买到，而且也不划算2⃣️、关于保额：经济条件允许下，保额越高越好（一般买50万就够了）3⃣️、关于保障：最好是包含轻症、中症、重症，如果经济条件允许，优选癌症二次赔付，因为现在癌症已经不再是不治之症，所以多次患癌的可能性也增加了4⃣️、关于类型：优先购买消费型重疾险，no返还型首先返还型比消费型保费高，所以消费型特别适合保费预算有限的家庭；其次咱们买重疾险的初衷和目的就是保障重大疾病，返还、分红不是我们最主要的目的，如果要返还、分红，完全可以单独买其它理财型保险产品，效果更好，而且随着通货膨胀，等到30年以后这些保费也不值钱了5⃣️、关于保障期限：经济预算有限情况下，优先选择保终身，不建议购买含身故的；因为重疾险里面的重疾和身故只能赔一次，如果先患重疾，赔过之后，身故保障就没有了，所以建议是重疾险+定期寿险分开购买，这样两个保障都有了6⃣️、关于缴费年限：缴款年限越长越好，有30年的绝对不选20年；因为以后货币肯定贬值，即使有钱一次性付完，也不要缴完保费，要按最长期限缴纳7⃣️、关于保人豁免：如果买的重疾险里有投保人豁免、被保人豁免，建议与家人一起，互相给对方买，这样两个人中只要有一个人出现情况，两个人后期的保费就都不用交了8⃣️、关于购买购买保险不分大小公司，只看产品是不是适合自己；购买时要查看重疾、轻症、重症包含哪些；合同里的免责条款要看清楚（要了解不保障什么）👆👆👆也就知道这么多了😅，还是根据自己的预算了解的，希望能帮到大家❤❤❤ 2郑州·郑州古玩城 收起全文d,02月02日 16:47,我是不是应该买保险,0,,,,
建议你们是不是应该给买保险的人群提供点口罩啊 这才能叫保险呀,01月29日 21:49,我是不是应该买保险,0,,,,
过去一年我赚了多少钱，主要收入来自哪里？我的收入结构有没有问题？有没有提升的可能？如果要提升，我改从哪里下手？我的财富分配是否合理？是不是应该花点钱为家人买保险？我有哪些资源可以变现？哪里有我想要的资源？我是蹭？还是偷？还是借？执行过程我踩了那些坑？那些是可以避免的？我自己有哪些优劣势？是哪些短板缺点阻碍了我执行？我身边的人怎么样？那些会是我的贵人？那些会是不断消耗我需要远离的人？我现在生活的主要矛盾是什么？我应该如何聚焦把首要矛盾解决掉？我今年的工作计划如何？…… 收起全文d,02月01日 13:32,我是不是应该买保险,0,,,,
我们能享有的公共医疗和公共教育是有限的，如果不能坚持共产和提升生产力把成果服务公众，作为p民真的是看不起病的，上不起学的。大病直接等死，小病直接耐熬。我在北京和珠海都看过病，排队好长 早上稍微来晚一点，来看等排到看完直接吃中午饭了，在医院走到哪里到处是人。医院太少了，突发的病毒提醒着医疗资源的相形见绌。并且普通人未必有大病的成本，是不是只剩下花钱买保险保平安的路径了?每个医生一天看那多人，如果不是一个外向的人很难坚持这么长时间与病人互动，真的很耗人。杀医不知道劝退多少人，人身安全都得不到保障。医生太辛苦了，应该获得自己该得的地位和报酬。我以前小时候经常在医院过年，年年病，那会我很想学医的，=_=，学西医问题是我见血下不了手会紧张，被抽个血都会嚎半天。学中医我特么那个穴位那么多好像108?然后我都认不出在哪我咋下针我不会我就放弃了。=_=。就是各种找原因我最终没有学医。国外医生身份地位和钱多，但是好像医疗也还是很紧张?培养一个医生出来太难了。我有时候生病就挺后悔没学医的。当时觉得很难脑子迷胆子小吃不了苦没学。=_=。我觉得我作为一个30岁的中年妇女有时候有点学不动，在原生家庭先天发育不足，后天也找不到能够托付的努力，已经错过了更好的成长期。前几天因为病毒蔓延的事情还哭了一场，海王重的是深刻懂病毒的带来的后续一系列蝴蝶飓风。我们每个人都是世间寻觅幸福的一粒沙。2020这一年的愿望可能就是不管怎么样，大家都平平安安最好了。 收起全文d,01月28日 15:25,我是不是应该买保险,0,,,,
"期权保险策略之巧用认沽期权穿越牛熊市

保险策略是个人投资者使用非常广泛的策略，在实际应用中，投资者可能会遇到一些问题。

1. 保险策略对什么样的投资者具有吸引力？

这一策略可能对两类投资者而言更为需要。第一类投资者是不想卖出股票的长期持有者，他们可以运用认沽期权的保护来限制短期内可能下跌而导致的亏损。第二类投资者是在买入股票时举棋不定、生怕自己错买的投资者，他们往往希望有某种“保险”，以防看错个股的走向。

2.简单地直接买入股票与保险策略孰优孰劣？

这个问题没有肯定的答案，这就好比我们是否要为自己的财产买一份保险一样，更多地取决于投资者自身的风险偏好程度和对市场判断的自信程度。如果投资者对自己买入的股票十分有信心，风险偏好程度较高，那么他完全可以不买认沽期权作保护；而对于风险承受能力较差的投资者，他们在买入股票或持有股票的同时，往往担心后市的下跌风险，此时采用保险策略将是一个不错的选择。

3.保险策略具有止损的功能，那么与“止损订单”有何区别呢？

止损订单是被动的止损方式，是价格依赖的。它的优点在于没有止损成本，但缺点在于：若股价跳空止损价位后一直下跌，则投资者将无法及时止损，或者若股价触及止损价位后开始回升，则投资者将不得不以止损价位割抛手中的股票，反而失去回升反弹的收益。

保险策略是一种主动的止损方式，是时间依赖的。它的优点在于投资者通过预先支付权利金，锁定股票在到期日的卖出价位，从而在到期日前可“高枕无忧”；但缺点在于其止损功能具有时间限制，随着合约到期而失效，同时它是一种有成本的止损方式。

4.从损益图看，保险策略和买入认购期权类似，这两个策略是不是一回事呢？

答案是否定的。损益图的相似只是告诉我们这两个策略的潜在盈亏是相似的。但从头寸的角度来说，这两个策略具有本质的不同。

认购期权的建仓成本只有权利金，而保险策略的建仓成本等于股票的购买价格加上认沽期权的权利金，相比之下，后者高出很多。

保险策略的建仓者实际持有股票，因此享有股票分红派息收益权，而认购期权的建仓者在到期前未持有股票，所以认购期权的持有者无法得到股票分红收益。

期权策略篇之“保险策略（三）” 基础知识 第1张

5.市场上有这么多认沽期权合约，应该选择哪一个合约对股票作保护呢？

（1）到期日的选择

首先，这就像买保险的保险期，取决于投资者想要保护手中股票的时间段。

其次，通常而言，长期保险的保费一定会比短期保险的保费贵，因此远月的一般比近月的贵。

在实际操作过程中，比较常见的做法是：先买入近月的认沽期权，待合约到期时，再行判断是否要买入下一个月的认沽期权。这一操作的优点在于降低了保险的成本，灵活地根据标的股票的价格走势而作判断。

（2）行权价的选择

首先，深度虚值的认沽期权虽然成本很低，但它所提供的下跌保护范围很小。它更像是一份“灾难保险”，当股价仅为小幅下跌时，它提供不了保护。

其次，深度实值的认沽期权虽然保护的范围很大，但它的权利金太高，严重限制了投资者的潜在盈利。这是一种过度保守的策略，其较高的权利金支出很大程度上抵消了股价的上涨收益。

因此，在实际操作中，投资者通常可以买入轻度虚值、平值或轻度实值的认沽期权。这样，投资者可以在保护股票下跌风险和保留股票上涨收益之间达到一种平衡。

小结

保险策略是一种风险有限、潜在收益无限的保守型套保策略，适合于希望持有股票，但风险承受能力较弱的投资者。一方面防范了后市的下跌风险，另一方面又保留了股价的上涨收益。投资者在实际投资过程中，可根据自身对股价的判断和风险偏好，选择是否买入认沽期权作保护性对冲，以及如何合适地选择期权合约的行权价和到期日，逐步学会巧用认沽期权穿越牛熊市。 收起全文d",01月28日 02:35,我是不是应该买保险,0,,,,
最近有朋友问保藏君，买保险是不是选大公司的就对了？还有朋友说我就想买大公司的，买着安心。如果把买保险当买车，只看品牌不看内含。你很可能会像中保研测试排名垫底的某车型车主一样，花钱买罪受。那到底应该怎么选择呢？看看本文吧 保险保险知识 O买大还是买小这是一个问题 ​,01月21日 07:30,我是不是应该买保险,0,,,,
#营口爆料#【经文浅释】【若有持是观世音菩萨名者，设入大火，火不能烧，由是菩萨威神力故。】这一段经文，是说的观世音菩萨救七难之中的“火难”和“水难”。“若有持是观世音菩萨名者”：这个“者”字，就是念观音菩萨这个人。若有，是现在还没有，将来是会有的。所以说，假设有这样的一个人。什么样的人呢？持是观世音菩萨名。持，是受持，就是不忘的意思，也就是心心念念，都执持观音菩萨的名号；那么样地受持来称名，就念“南无观世音菩萨……”。所以无论哪一个人，想要解除这种七难的痛苦，先要常常恭敬称念观世音菩萨的名号。称念观世音菩萨名号这样的人，“设入大火，火不能烧”：这是说你平时就念南无观世音菩萨，而不是说等到被困在大火里，才念观世音菩萨；不是现烧香、现念佛，不是说我今天有了灾难，今天才念观音菩萨。所谓“闲时不烧香，着急抱佛脚”，闲着的时候，连佛前也都不上一炷香的；着了急了，才来抱着佛腿，求佛来救你的难。虽然你抱着佛腿，但是佛也不理你。为什么？因为你就是在平时根本就不修行，等到有难的时候才来求佛，这叫现烧香、现念佛。可是又有一种人，他平时也没有烧香，也没有念佛；但是他有急难的时候，观音菩萨也一样救他，也一样来令他离苦得乐，这又是什么道理呢？你要知道，我们每一个人有前因、后果。在前世，或者他曾勇猛精进，拼命地用功，豁出命来念观世音菩萨，甚至于来做种种的功德。因为他前生念过，有这种的善根，所以今生他虽然不念，观音菩萨也来救他，这是有远因的关系。所以观世音菩萨救人，有远因，也有近因。远因，就是在前生他所种下的因；近因，就是在今生所种下的因。或者有人说：“我前生或者已种下因了，所以现在我不必念观音菩萨。将来我有难时，观音菩萨也会救我。”可是这个我不保险的，你就是向我买保险，我也不卖的。如果你今生就能诚心诚意念观音菩萨，那我可以卖这个 insurance（保险），你一定会得到感应的，将来你有什么灾难，观音菩萨一定会来救你的。为什么你自己说你在前生念过？你也没有宿命通，你怎么知道你一定念过呢？你若真有宿命通可以的，若得了天眼通、天耳通也可以的。所以你若不是现烧香现念佛，这样绝对有感应的！所以说，你要是平时念观音菩萨，假使你遇着大火的话，火不能烧。在中国，从前有一个人，他预备去南海普陀山朝拜观音菩萨。你说怎么样啊？就有这么巧的事情，他刚上了船，正要往南海普陀山朝拜观音的时候，他邻居的房子眼瞅着就着火了；他的家人就跑来向他报告：“不好了！你快回去！不要去朝普陀山啦！我们的邻居着火了，你要回来照顾啊！”这个人说：“我为了想要去朝普陀山、拜观音菩萨，已经吃三年斋，现在我已经上了船。家里着火，我要是下船，它应该烧也一样烧了；如果不应该烧，观音菩萨会保护着我，我就是不下去，它也一样不烧的。我有这种诚心，我恁可自己家里被火烧了，我也要去拜观音菩萨！”就这样他家里着火也不管了，什么都不管了，就去拜观音菩萨。他到南海普陀山朝拜观音菩萨回来之后，一看左右邻居，前后所有的房子都被火烧了，唯独自己这间楼房却没有烧。由此之故，一般人就问他：“怎么挨着你这房子的都烧了，你这个房子不着呢？”他说：“我就因为这次以最诚心去拜观音菩萨，烧就烧，我也不管它，什么都放下了！这是观音菩萨的保护、观音菩萨的力量，所以令我这个房子都没有着火！”“由是菩萨威神力故”：因为什么火不能烧呢？这因为观世音菩萨有大威神力的缘故，所以火不能烧。Ｉ2. 水难【若为大水所漂，称其名号，即得浅处。】“若为大水所漂”：如果你平时常持念观世音菩萨名号，若在无意之中，不是有心要试验观世音菩萨灵不灵，就去跳海。如果你要试验观世音菩萨灵不灵的话，那绝对不灵的！你跳海？毫无疑问你是要死的！为什么？因为你存一种试验观世音菩萨的心。观世音菩萨并不是学生，你也不是老师，为什么你要试验观世音菩萨？因为你不相信观世音菩萨有这么大的神通，你信不真，所以才要试验。好像我以前讲的，你对你的朋友没有真信心，所以你要试验他究竟是不是一个真朋友、是不是一个好人；或者你把几颗钻石，甚至于五克拉的钻石，放到那个地方，看看他偷不偷？为什么你要试验他？因为你对你这个朋友没有真认识，所以你要试验他。你对观音菩萨呢？也是！为什么你要试验观世音菩萨？也就因为你没有真信心，你才要试验；可是你这一试验不要紧，可是把自己的生命就牺牲了。不要拿着自己的生命来开玩笑！不要拿着自己的生命作赌注！“称其名号，即得浅处”：你常念观世音菩萨的名号，在不知不觉中，不知怎么样，就到一个浅处了。在大海里，也不知道怎么样就跑到海岸上去了。所以，这都是观世音菩萨的力量，而有这样子的感应。O网页链接 收起全文d,01月18日 22:02,我是不是应该买保险,0,,,,
【经文浅释】【若有持是观世音菩萨名者，设入大火，火不能烧，由是菩萨威神力故。】这一段经文，是说的观世音菩萨救七难之中的“火难”和“水难”。“若有持是观世音菩萨名者”：这个“者”字，就是念观音菩萨这个人。若有，是现在还没有，将来是会有的。所以说，假设有这样的一个人。什么样的人呢？持是观世音菩萨名。持，是受持，就是不忘的意思，也就是心心念念，都执持观音菩萨的名号；那么样地受持来称名，就念“南无观世音菩萨……”。所以无论哪一个人，想要解除这种七难的痛苦，先要常常恭敬称念观世音菩萨的名号。称念观世音菩萨名号这样的人，“设入大火，火不能烧”：这是说你平时就念南无观世音菩萨，而不是说等到被困在大火里，才念观世音菩萨；不是现烧香、现念佛，不是说我今天有了灾难，今天才念观音菩萨。所谓“闲时不烧香，着急抱佛脚”，闲着的时候，连佛前也都不上一炷香的；着了急了，才来抱着佛腿，求佛来救你的难。虽然你抱着佛腿，但是佛也不理你。为什么？因为你就是在平时根本就不修行，等到有难的时候才来求佛，这叫现烧香、现念佛。可是又有一种人，他平时也没有烧香，也没有念佛；但是他有急难的时候，观音菩萨也一样救他，也一样来令他离苦得乐，这又是什么道理呢？你要知道，我们每一个人有前因、后果。在前世，或者他曾勇猛精进，拼命地用功，豁出命来念观世音菩萨，甚至于来做种种的功德。因为他前生念过，有这种的善根，所以今生他虽然不念，观音菩萨也来救他，这是有远因的关系。所以观世音菩萨救人，有远因，也有近因。远因，就是在前生他所种下的因；近因，就是在今生所种下的因。或者有人说：“我前生或者已种下因了，所以现在我不必念观音菩萨。将来我有难时，观音菩萨也会救我。”可是这个我不保险的，你就是向我买保险，我也不卖的。如果你今生就能诚心诚意念观音菩萨，那我可以卖这个 insurance（保险），你一定会得到感应的，将来你有什么灾难，观音菩萨一定会来救你的。为什么你自己说你在前生念过？你也没有宿命通，你怎么知道你一定念过呢？你若真有宿命通可以的，若得了天眼通、天耳通也可以的。所以你若不是现烧香现念佛，这样绝对有感应的！所以说，你要是平时念观音菩萨，假使你遇着大火的话，火不能烧。在中国，从前有一个人，他预备去南海普陀山朝拜观音菩萨。你说怎么样啊？就有这么巧的事情，他刚上了船，正要往南海普陀山朝拜观音的时候，他邻居的房子眼瞅着就着火了；他的家人就跑来向他报告：“不好了！你快回去！不要去朝普陀山啦！我们的邻居着火了，你要回来照顾啊！”这个人说：“我为了想要去朝普陀山、拜观音菩萨，已经吃三年斋，现在我已经上了船。家里着火，我要是下船，它应该烧也一样烧了；如果不应该烧，观音菩萨会保护着我，我就是不下去，它也一样不烧的。我有这种诚心，我恁可自己家里被火烧了，我也要去拜观音菩萨！”就这样他家里着火也不管了，什么都不管了，就去拜观音菩萨。他到南海普陀山朝拜观音菩萨回来之后，一看左右邻居，前后所有的房子都被火烧了，唯独自己这间楼房却没有烧。由此之故，一般人就问他：“怎么挨着你这房子的都烧了，你这个房子不着呢？”他说：“我就因为这次以最诚心去拜观音菩萨，烧就烧，我也不管它，什么都放下了！这是观音菩萨的保护、观音菩萨的力量，所以令我这个房子都没有着火！”“由是菩萨威神力故”：因为什么火不能烧呢？这因为观世音菩萨有大威神力的缘故，所以火不能烧。Ｉ2. 水难【若为大水所漂，称其名号，即得浅处。】“若为大水所漂”：如果你平时常持念观世音菩萨名号，若在无意之中，不是有心要试验观世音菩萨灵不灵，就去跳海。如果你要试验观世音菩萨灵不灵的话，那绝对不灵的！你跳海？毫无疑问你是要死的！为什么？因为你存一种试验观世音菩萨的心。观世音菩萨并不是学生，你也不是老师，为什么你要试验观世音菩萨？因为你不相信观世音菩萨有这么大的神通，你信不真，所以才要试验。好像我以前讲的，你对你的朋友没有真信心，所以你要试验他究竟是不是一个真朋友、是不是一个好人；或者你把几颗钻石，甚至于五克拉的钻石，放到那个地方，看看他偷不偷？为什么你要试验他？因为你对你这个朋友没有真认识，所以你要试验他。你对观音菩萨呢？也是！为什么你要试验观世音菩萨？也就因为你没有真信心，你才要试验；可是你这一试验不要紧，可是把自己的生命就牺牲了。不要拿着自己的生命来开玩笑！不要拿着自己的生命作赌注！“称其名号，即得浅处”：你常念观世音菩萨的名号，在不知不觉中，不知怎么样，就到一个浅处了。在大海里，也不知道怎么样就跑到海岸上去了。所以，这都是观世音菩萨的力量，而有这样子的感应。O网页链接 收起全文d,01月18日 21:19,我是不是应该买保险,0,,,,
#问简七# 聊聊保险这件事儿。熟悉的小伙伴应该知道，我们在各大音频app上有个栏目叫《简七理财故事》。前两天，录制音频的主播小姐姐突然问我：【简七，买保险是不是功能越多越好？】有朋友给我推荐了一款产品，看起来很不错，兼具保障和理财两种功能。他吐槽我买的一款意外险，“你这个保单，虽然便宜，但是不像其他保险产品那样，如果你这一生都不出险，你的保额就能留给下一代，所以，不划算。”被他搞得有点迷糊，想问问你的看法。先说结论吧，买保险是买保障，通过少量可承受的保费转移风险。保险产品，你要看他的核心功能点是什么。保险公司是要盈利的呀，一款保险中功能越多，一个是价格贵，另外一个就是保的不全。举个夸张的例子，就像是你去逛商场，本来想花3000块买个空调，结果售货员一通说，最后你花3000买了个带小夜灯功能的电风扇，美其名曰：“你看看，花同样的钱，你的空调不能一年四季都开吧；我买的智能电风扇，虽然制冷差了点，但附带了个照明小夜灯，可划算多了。”那么亲爱的，你喜欢小夜灯为啥不单独买呢？普通人买保险不要搞花里胡哨的，重疾、意外、医疗、寿险，都买消费型的。你琢磨着最好还有点理财功能，那可以通过其他方式（比如基金定投、股票等）实现，选择多样，收益率可能更高。还是那句话，先消费，后理财。下次再有人给你推荐“万能险”，一定擦亮眼睛搞清楚了。 收起全文d,01月17日 14:02,我是不是应该买保险,0,,,,
以杀熟为生的行业：保险业 这点大家应该都深有体会，尤其是亲戚朋友中有做保险行业的人最有感触。 自从买车后，往往离车险到期还有几个月的时候，也是我最头疼的时候：发小的老婆、同事的爱人、主管的生意客户等等只要是知道你有车的人，只要是能和你拉上说几句话的人都会提前和你打招呼：车险到期了一定要到我这买保险啊，不赚你佣金，只为了完成任务冲量。 挣不挣你佣金先不说，车险在谁那办处理不好是要得罪一大批人的问题。 你说已经被人抢先打过招呼了不好说话不算数，别人表面上说：那可惜了，明年我早点和你打招呼。背地里会想：是不是你没把我当朋友，还是我们之间的关系不够铁？ 肉就这一块，只够一个吃，你说怎么办？#如何看待杀熟现象# 收起全文d,01月16日 23:04,我是不是应该买保险,0,,,,
现在社会对卖保险人的评价是不高，主要是国民的保险意识还不强，再者保险从业人员的整体素质也不高，误导消费者的情况还是很多的。还有人认为卖保险的都是骗子，我的同事就是保险代理人，她有自己的一套营销策略，几年前，我跟她在一起偶尔会谈及保险，感觉有点烦，关键是认为买了保险会不会理赔，现在认识到了买保险是有用的。对他们的看法也有了改变。不论如何，这是一个正当的行业，他们也是靠自己的劳动获得报酬，我们不应过份的贬低他们。再说，那些发生事故后获得保险公司赔偿的人们，是不是应该感谢保险销售人员呢？如果没有他们努力的向你推荐保险，或许你不可能拥有这份保障。 O对于身边的保险代理人大家都是怎么看待的? 收起全文d,01月15日 18:05,我是不是应该买保险,0,,,,
#广东成中国首个GDP过10万亿元省份#房地产占整个GDP总量30%，所以房地产市场不稳，直接影响的就是GDP的不稳定。当然大家说现在是不是房地产政策要放宽了，也不完全是这样。房地产政策适度的弹性调整空间是存在的，跟外汇市场有相似之处。国家在一些城市限价和限购的问题上，我觉得还是做了一定的放松，比如说深圳、广州、允许持有港居民身份证和入境证的人到广州来买房子。其实在宣布深圳成为社会主义经济示范区那天我曾说过，建议在港的去深圳买房。不过半年的时间，国家就给了这样的政策。当时记得那天我是在深圳给大家谈深圳建设社会主义示范区的话题。那天我跟深圳的总经理说，越是在这个时候我们越要赶紧抄底。事实证明，未来在华南地区，如果部分港居民来添置房产的话，华南地区的房价将会稳中有升。当然国家不会一下子就让房价和地价被炒起来，但至少稳经济还是要稳住。在此之前，像南京、沈阳等一些二线城市的房价都已经开始飙升起来，一线城市的价格还是受限的，刚性需求也是有的，但国家不一定让它涨那么快。我曾说过这种严监管时代，去掉了严，只剩下监管了，这就给市场一次喘息的机会。稳住房地产经济，才能稳住中国的GDP。到今年初我的想法还是想稳增长还是应该稳住地产经济。中国房地产我早就大胆预言，绝对不是城市的房地产商的这种暴力经济，而是在配合农村土地流转的过程中，建立新型的房地产业态。而新型的房地产业态是什么呢？我个人认为是养老地产，那么养老地产应该以什么样的方式来建立它的生态？去年上半年我去美国，下半年去欧洲，考察这两个发达的资本主义世界的政治经济情况，包括社区生活情况。回来之后我就反复琢磨中国的未来，我们在经济转型中，其实不能完全照搬美国，更不能完全照搬欧洲，因为他们都是资本主义状态下的经济体制，而中国是具有特色社会主义体制。 我们必须要建立一个资源共享，而且能循环再生的商业模式。所以我估计中国未来房地产的新业态，可能中央会提出新型的政策，至于这种新型政策是什么还在探讨中，但大家为什么要把钱都用来买房子，为什么不把钱用来买保险？如果你买了很多保险，那么你可以让保险公司为你支付未来。你在全球各地所要享受到的住房、租赁。也就是说我只要有保险，夏天我愿意上北方去住，你让保险公司给你租北方的房子，冬天我想去海南，让保险公司给你租海南的房子，你说我女儿在欧洲读书，你可以要求保险公司给你租欧洲的房子，你说我孙子在美国生孩子，你就让保险公司在美国给你租房子。你想想如果把你的钱用来买保险，然后让保险公司帮你挑选住宅，你买的越多，便可以挑更好的住宅，好不好呢？以此类推，你说我想享受一流的健康管理方案。我想享受一流的医疗整治方案，这些都可以由你的保险来帮你完成。实际上，以后大家不需要把自己的钱放在房子里，你还得收租金，还得打理房子，还住不了这个房子，这是多么痛苦的事情，然后儿女分房子时还要打仗，为了家产还要拼命。弄的老人们到老年生活时，食不安寝，家庭不和，就为了争房产，我觉得这完全是一种非常可怕的社会现象。所以当我明白这个事实的时候，我跟我周围的朋友讲，有钱没钱的我都要跟他们说，未来中国可能会是保险业最为发达，他们说为什么呢？我说如果大家把挣来的钱多买点保险，当然需要保险公司做一些非常好的精算和设计，然后给居民保健康，保养老环境，保旅游环境，甚至可以保障他们的食品安全。可以做很多事情，这些都应该是保险公司来帮着做。所以实际上保险公司未来的商业业态太丰富了，太发达了。我们此生用年轻的时候换来的血汗钱，保证我们的老年生活，充分享受我们的付出所带来的晚年生活的快乐。这不好吗？我们为什么要把自己的钱都用来买房子呢？所以我觉得将来在土地流转之后，新城镇化建设应该在农村广袤的土地上建立生态养老社区，而生态养老社区根本不需要大家用钱去买，我们把钱又来买保险，保险公司会为你安排生态养老的环境。这样一来大家就不会再去炒房子了，不炒房子，房价自然也就没那么高。所以我想社会资源的共享，如果老年人去世了也没有关系，也不要搞的鸡飞狗跳的，大家分割财产。去世了就把保险留给你的保险继承人，他还可以拿保险，再享受未来你留给他的资源共享计划，这是多么好的一个想法。我只想说，对于中国的未来，大家真的不必要过于担心，我们在新经济转换的过程中，实际上社会主义制度恰恰使我们可以在这场金融资本的对抗中形成资本合力，最后形成一次资本突破。这次资本突破为中国新经济的转型带来巨大的机会。所以现在对于大家来讲，我真的不劝大家去炒房，但如果你有刚性需求，你家里就一套房两套房，儿女结婚你现在就买，房价肯定是要涨的。但是不会疯狂的涨，所以就是稳增长。 收起全文d,01月15日 09:37,我是不是应该买保险,0,,,,
一说车都知道找保险了，有保险可以赔。但是请想一想，为什么保险可以赔？一个最重要的前提是出事之前买了保险！评论都说多少钱多少钱，车有价，人难道真的没有价？人坏了多少钱？人是不是也应该买保险？你品，想好了评论我，或者私信，咱们的故事可能就开始了！ ​,01月15日 07:13,我是不是应该买保险,0,,,,
屌癌觉得，我出了彩礼，就理所当然的拥有子宫使用权和孩子冠姓权。这等于我说我出十万块，你卖身给我为奴隶一样可笑。先不说那些彩礼是不是屌癌吸血自己父母姐妹得来的，即使是自己挣的，那点钱连买个冠姓权都不一定够，还指望买一个活人的一辈子。十万块，等于有了几十年的免费代孕免费保姆免费育儿嫂免费管家免费会计，已经是占天大便宜的事情，屌癌还想免费。如果我是汉奸，那我支持屌癌这种想法，就应该取消彩礼，大家都裸婚，然后孩子都跟男的姓，女的无法传姓被轻视被吸血，女的是赔钱货，这样继续加剧重男轻女，中国女的越来越少，犯罪率高还不能生育的男的越来越多，社会治安越来越差。。。。。。可惜我不是汉奸，我还是希望中国能好，彩礼这种买卖人口的名称早就应该取消，应该改名为冠姓权购买费，女人如果不结婚孩子天然跟妈姓，结了婚等于被抢夺了孩子冠姓权，企业赞助个节目还要出几百万几千万冠名费呢，新人结婚都还要给改口费呢，男人抢女人冠姓权凭什么免费？何况生孩子女人1/3000的死亡几率，100%的身体损害，还有各种被家暴被负债被买保险的风险，成本巨大。 收起全文d,01月14日 11:12,我是不是应该买保险,0,,,,
"寿险、年金险之逻辑与功用

寿险，是用来防备“死的太早”；而年金险，是用来防备“活的太久”的。

这两个产品的设计逻辑，是为什么人设计的，可以说一说。

首先，寿险是人身保险类别里面最重要的一个险种，是以身故为给付条件的。

也就是说，活着的时候存钱，“死了才赔”。许多不太了解保险的朋友，会觉得，这个保险有个屁用，我活着的时候钱都不够花，还管死后？死后赔我的钱，我已经花不着了，要它何用？（你可以不往下看了）

在这里我想先点支烟，冲你意味深长的笑一笑，然后再继续往下说。

假设一个创业者A男士，35岁，拥有蒸蒸日上的事业，这些年生意做的还可以，每年年收入大概有50万，此时，老婆辞职做全职太太，已经育有2个孩子，还有二十几年的房贷，还有4个老人每年要给一点钱，好在先生收入还可以，都能包住。

这样的家庭，真是太美满了。但是，作为具有成熟心智的人，深深知道，风险和明天不知哪一个先来临，万一哪一天，自己嘎嘣了，这个家也就垮了，也许房子会被银行收走。甚至还有一些生意上的欠款，债主会向孤儿寡母追要。

保险这种科学的制度设计，很好的解决了这个问题。

那就是，将风险转嫁给保险公司，假设A每年可以为这个家庭赚回来50万，还想干20年，也就是未来这个家应该有1000万的收入，那么A会给自己买一份1000万保额的寿险，用来锁定未来20年的收入，一旦出现意外，保险来赔付1000万，这个家，不至于会因为经济顶梁柱的失去，而轰然倒下。（因为家庭经济顶梁柱的突然离世，全家老小陷入困境的例子，太多了）

而投保1000万的寿险保额，却不需要掏出来1000万的，以A为例，每年交保费17万多，平均每月15000不到，交到60岁就可以了。我想，作为企业主，少打几场高尔夫，开掉公司里某个不称职的员工，这钱也就出来了。

25年总共交保费443万多，利用保险的杠杆，锁定1000万的预期收入，所以说，寿险，是防备“死的太早”。

而且，保险的避债避税功能，大家也应略知。家人得到的保险赔偿，是不能用于偿债的，同时是无税的，这么大笔无税资产进行转移，你告诉我，还有更好的方式吗？（有钱人，应该尽量将应税资产，转化成无税资产，以后专门撰文阐述）。

A60多岁退休时，如果A身体杠杠的，这份保单锁定未来收入的功能不再，他可以选择退保，把钱一次取出来，也可以转为年金险，逐年领取，作为养老金。

当然了，也可以留给后代，毕竟，死亡是一件100%概率的事情，记住，这笔钱无税且不是遗产（遗产问题比较复杂了），不存在任何法律争议的，是可以指定给你想给的那个人的。（可以指定多名受益人，和受益比例）

再说年金险，是防备“活的太久”。

B老太太55岁，和老伴退休时，共攒了200万用于养老，总觉得应该够了。以老两口一个月1万的生活水准（一点不算高），一年12万，76岁时养老金就告罄。

别跟我说你可以依靠社保养老，那个时候，社保基金还剩多少钱，我是不知道的，今年初，财政部已将持有的中国人保10%股份和中国太平10%股份划转到社保基金，自己想一下。

北京地区平均寿命（今年披露数据）女性是83岁左右，且每3年递增1岁，也就是20年后，平均寿命达90岁，请问，76岁养老金就花完了，剩下的十几年养老钱，从哪里出？要是活到96岁呢，多活了20年，钱从哪里出？

指望子女吗？手心向上？还是说，把养老金做理财，做股票投资，赚钱养自己吗？或者存款吃息？别忘了“负利率”这个事，能吃多久？

最关键是，您已经垂垂老矣，不应该操那个心了。

那个时候，您要做的，是颐养天年，含饴弄孙。

请记住，养老金是“刚需中的刚需”，一分钱也不能少，一分钱也不能挪用，必须准时，确定数目的领取，必须跟你的生命等长！

恰好年金险解决了这个问题，因为活多久，就领多久。

以B为例，55岁退休时，即将200万买一份年金险（其实应该在45岁时就安排，分10年交，每年20万，比较合理，因为费率低，复利效果大），60岁开始领钱，76岁时，基本已将已交保费领回了，这时候B老太太仍旧很健朗，活到了86岁，就共领回了347万，96岁，就领回了512万，105岁领回675万。是不是很好？

我希望每一个老太太，都活到105岁。有没有一种再活500年的冲动？

最最重要的是，年金险，必须跟生命等长。再说一遍，必须跟生命等长！

所以，年金险，是防备“活的太久”。

保险的产品，五花八门，各有设计初衷和理念，以适应不同人群的需求。

所以买保险之前，一定要想清楚，你的需求是什么？是规划好晚年，还是要传承后代，还是要资产腾挪，避债避税？我相信，市面上的产品，总有一款能满足你。

感谢阅读。

欢迎至“我的相册”扫码关注微信公众号。

联系作者至“我的相册”添加老袁个人微信号。 收起全文d",01月13日 17:52,我是不是应该买保险,0,,,,
"#保险#什么的标体与非标体投保（上） 本来不想这么快写到这个内容的，实在是身边越来越多的人是非标体来投保了，然后各种非标体投保的问题层出不穷。所以今天就先说说什么是非标体投保。大家听到了一个词，“非标体”那对应的就是“标体”，那什么是“标体”什么是“非标体”呢？标准体，简称“标体”：在人身保险的核保中,标准体是健康体人群的总称;可以按照标准保险费率承保,也称无条件承保。其实标准体再往上还有优选体、超优体，这里就先不讨论了。非标准体，简称“非标体”：就是有条件的承保或者拒保等等。所以，非标体是相对于标准体而言的，不过一年四季，谁还没有个头疼脑热、毛囊炎、青春痘。或者一不小心崴脚、骨折等外伤，那么身体出现什么程度的问题，才叫非标体呢？见图2.3很简单，上述9条健康告知里，只要任何一项中的任何一条，你的选择为“是”，那么很不幸的恭喜你，你就成为了保险公司眼中的非标体客户。那投保人应该做些什么呢？1、准备最近一次的体检报告及相关病症的详细资料2、尽早投保，因为你不知道病症明天会变成什么样。这个时候有些人会说那我已经被保险公司列为非标体，是不是就和保险说再见了。当然不是！虽然精算师在设计产品的时候为了好核算成本，只考虑标准体，但是大部分的非标体也只是存在小问题，实际的风险和标准体的风险无差别或者风险可控，当然了也有部分的确无法承保。所以，保险公司还有一个“门神”，那就是核保员，他们的工作就是：核保！这个时候，可能有些买过各类保险的客户就想了，我之前住过院、做过手术或者体检有些大大小小的问题，在咨询当时保险业务员的时候，担心身体这些问题会导致以后无法理赔，并将自己的情况告知了业务员，这时候，业务员夜观天象、掐指一算：“我回头和内部人员确认下，应该没啥大事，都是小问题，放心吧，不用告知，一定能赔！”那像这种情况，未来到底能不能赔？糯米君这里只能说 “呵呵”了本来买保险就是想买个安心，将未来的不确定性、潜在性的风险转化为确定性的保障，但这样无视健康告知，绕过保险公司的“门神”，不遵守游戏规则，未来理赔的时候，保险公司自然也不会让你安心了。这也是为什么现在部分人说保险都是骗人的！买的时候什么事情都没有，什么都没问题，结果理赔的时候这个不赔，那个不赔的原因所在了，当然了这样和保险销售人员的职业操守、专业度有关。  O绿洲 收起全文d",01月13日 14:07,我是不是应该买保险,0,,,,
#家庭理财规划# 【家庭保险应该如何配置】（二）在本文开始前，请先看一下前面的两篇文章，确保自己已经存够了3-6个月的日常生活开支。然后，才能谈得上保险的选择。第一篇：O网页链接第二篇：O网页链接第三篇：O网页链接这一篇我们主要说一个其实本来不重要但特别容易进入误区的方向：保险公司如何选择。答案就是：不需要选择。只需要记住，买保险买的是产品匹配程度，而不是保险公司，就可以了。估计这个结论很多人会疑惑，比如，小公司过10年20年会不会倒闭了？小公司赔得起吗？大公司不是应该更靠谱吗？如果你有以上的疑惑，请看下文。在了解【小保险公司会不会赔不起】这个问题的时候，我们需要先了解一下国家对保险公司赔不起了采取了什么样的风控措施。保监会曾经也很担心过，如果有一天保险公司赔不起了怎么办，这个问题其实非常严重，所以，2002年，保监会发了一个文件【再保险公司设立规定】，同时在【保险法】里明确要求：【保险公司对每一危险单位，即对一次保险事故可能造成的最大损失范围所承担的责任，不得超过其实有资本金加公积金总和的10％；超过部分应当办理再保险。】所以，其实不论什么保险公司，当它的保单需要承受的最大损失范围责任，超过了实有资本加公积金总和的10%的时候，他就必须办理再保险。再保险公司，就是保险公司背后的保险。某种意义上而言，当保险公司的理赔能力不足的时候，他背后的再保险公司会补足这部分资金。我们可以粗暴的理解为：保险公司按零售价把保险卖给了客户，然后再用批发价去再保险公司批量进货。由于我国对再保险公司有严格的规定，并不是随便谁都可以弄个再保险公司，而且再保险公司的数量有限，所以市面上或许大家所见到的两个完全不相关的保险公司，他背后的再保险公司是同一家。所以就终极的兜底意义而言，这两家保险公司都是同一家再保险公司来兜底的，他们的兜底能力可以算基本一样。（ps：保险公司的能力，按理来说主要需要比较他们的偿付能力，但一般人估计也没法去比较，而且，只要偿付能力充足就可以了，不需要追求特别高，大公司的偿付能力是不是一定比小公司高？不一定。因为特别高的保险公司，有可能是因为他的规模不够所以爆出的理赔不多而已。所以这个数据，普通人就不需要特别比较要求最好了。）那么，大保险公司为什么会贵呢？贵是主要贵在品牌溢价上。所以我的观点是：同一个产品，选性价比高的保险公司的，选便宜的。同样的性价比，或者同样的价格的，选大公司的。我们买保险，考虑产品和价格优先，公司完全可以排后。这是买保险之前需要注意的一个误区。@写书哥 @牛魔王啊 收起全文d,01月13日 11:30,我是不是应该买保险,0,,,,
"90后都知道买保险是一件必要的事，知道归知道，但保险的门道多得不行。

只知道一款产品不错，但具体好在哪里，能保什么，是不是适合自己，都不了解。
就有了这个问题：我们90后步入社会如何配置自己的第一份保险？

保险作用不是规避风险，而是减轻风险带来的伤害，初触保险可能不了解。

因此我们首先需要找出自己所面临的风险。

适合90后的三种保险：

根据面临的风险来看，年轻人需要购买的保险主要是重疾险、意外险、医疗险。

意外险：一般来说都是一年一买，价格便宜，性价比高，一顿饭钱，就能给自己买一份。

对于一个成年男性来说，生活与工作压力大，应该偏向意外保额，可以优先考虑保额较高的产品。

百万医疗险：对看病花费进行补偿。

医疗险的配置，主要看三点：

1.续保条件
2.免赔额
3.增值服务

重疾险：给付型保险，只要疾病达到合同约定的条件，保险公司就会一次性给付保额，拿到理赔款项。

它的作用，主要是对罹患重疾和治疗期间的收入损失进行补偿。

患重疾后，从接受治疗到恢复正常工作生活，需要几年的时间，在这期间无法赚钱，将导致个人的经济陷入困境。

重疾险的高额保险金，可以在这期间弥补患病时的经济空缺，保证维持基本的生活水平，不至于因病致贫。

在配置的时候，需要考虑保额是否能覆盖一场大病所产生的各种费用，以及疾病治疗过程中的各类生活费用、康复后的疗养费用。

定期寿险：杠杆很高，但只有身故或者全残时才会赔付，对于一般人来说，定期寿险更划算。

挑选定期寿险其实简单粗暴，只需要考虑四点：

1.健康告知是否足够宽松；
2.免责条款是否足够少；
3.保额是否够高；
4.保费是否够便宜。

那应该如何配置呢？

意外险选择亚太超人，意外身故/伤残的保额，最高可以达到100万，另外，还有30万猝死保障，以及3万意外医疗保额。

无论是意外身故/伤残、意外医疗，还是猝死保障，亚太超人都有覆盖。

百万医疗选择的是平安e生保（保证续保版），主要看重的是6年保证续保期。

重疾险选择了最近性价比超高的达尔文超越者，并且附加了恶性肿瘤二次赔付责任。

轻症、中症、重疾、癌症二次赔付的保障都较为全面。

定期寿险，由于暂时没有负债压力，可以考虑配置较低保额的定寿，所以选择了50万保额的大麦定寿，一年保费只需几百，并不贵。

以上就是猪保保今天的科普啦，希望能够帮助到大家。#保险# 保险 #保险知识# #新浪保险i保日# O适合90后买的保险有哪些？ 收起全文d",01月12日 10:34,我是不是应该买保险,0,,,,
前提，只是个人分析，各位大神发现有不对的地方可以给我留言，小弟会继续向各位大神学习。（目前不谈政策只谈保险）抖音这个东西出现以后，手机里一直都有，但一直没怎么打开过。我19年才开始看看短视频。我本身是个保险经纪，想在抖音里面也看一下有没有保险方面的内容，搜索了一下倒是找到不少，看了一些后感觉很无奈。其实不光是抖音上（快手上我也看到过，其他app我没下载）他们说的保险知识我自己也想了想，就健康险为例，发表一下个人见解；第一、难道只说保险不用看需求吗？第二、难道健康险只看保费和保额的高低，不用关注病种以及针对某些疾病的理赔条件宽松不宽松吗？第三、难道意外险各家公司就没有差别吗？第三、难道健康险就不能用性价比三个字来衡量吗？第四、难道随便一个公司的险种就能满足所有人的需求？简单的说一说以上几个问题：第一、不管从哪方面来说保险现在都是老百姓的必需品，不管穷富都该有相对应的保险（穷有穷的买法，富有富的买法）。我感觉首先得了解被保人的基本情况吧，比如工作环境、家族病史（如果被保险人是孩子应该考虑父母双方的家族病史）、收入支出等等这些不该考虑吗？工作环境及性质决定了被保险人到底该选择什么险种（无非也就是疾病和意外哪个几率更高的问题），家族病史决定了重疾险应该主要关注哪方面疾病（因为有些公司针对某些疾病理赔真的比很多公司要宽松的多），买多少保额、保费预算是多少，是受收入支出的影响，而且我认为是对被保险人起了决定性作用的。第二、在健康保险计划搭配上，一般都是重疾+一万医疗+百万医疗（如果百万医疗是相对免赔的话，根据情况可以放弃一万医疗，我个人都是+一万医疗的，因为有不确定因素，谁都控制不了，小病小灾的住院费用可能都花不到一万。）+意外（根据情况可单独购买）。然后就是重疾保多少种、中症多少种、轻症多少种，是否可以多次赔付，保费豁免等等。举个例子，比如有的家庭有糖尿病史选择这种险种会合适吗？还比如有的家庭有心脑血管病史选择那个险种合适吗？有什么独到之处吗？在比如说百万医疗险中，有带有垫付功能的，这个险种是不是更适合家境不是很好的呢？（往往这样的险种会相对更贵一些）还有人给孩子投保选择定期的，但我在想一个问题定期重疾可以保孩子几十年，如果在这几十年罹患重大疾病以后还能买保险吗？第三、在看短视频的时候有一些也提到了险种的功能性，但不是很多。比如重疾险中有带有癌症治疗出院后，治疗药物在医院以外的地方购买凭借小票也可以报销部分的。再比如百万医疗险中有带有购药渠道功能的（我个人感觉有点鸡肋，大神勿喷）等等。第四、基本都在讲一个险种或者一个计划的组合，为什么就不能根据客户的情况多家组合互相弥补呢？每家公司都有每家公司的长处，选择适合你的才是最重要的，如何选择才是最关键的。不管是什么行业，都是为了赚钱，这个无可厚非。但我觉得赚良心钱更踏实一些。还有人说保险越来越难干了，其实我觉得不是保险难干了，只是专业的人越来越多了。致敬那些多年从事保险的专业人士！！！ 收起全文d,01月11日 23:27,我是不是应该买保险,0,,,,
#家庭理财规划# 【家庭保险应该如何配置】（一）在昨天的调查里，排名最高的三个分别是，保险，儿童财商和基金配比。那么接下来就按从高到低的顺序，依次说一下。今天先说的是保险。在配置家庭保险前，请先看一下前面的两篇文章，确保自己已经存够了3-6个月的日常生活开支。然后，才能谈得上保险的选择。第一篇：O网页链接第二篇：O网页链接在看完了这两篇之后，我们至少已经确定了两个事情。1.自己大概每年能够有多少钱，是可以自由支配的。2.家庭的年收入和年大额开销，大概在什么范围。在明确了以上两点后，我们进入保险配置的步骤。在配置保险前，我们需要先明确一下保险的误区。中国的保险行业有个最大的误区就是，就是产品大于需求，大家问得最多的是：买的哪家公司的保险？买的哪个产品？但是很少有人问一句：这个产品，是不是适合自己。就这一点而言，保险公司和其销售人员，对整个市场的引导要负很大的责任。所以，大家需要明确的第一点就是，买保险，关键要看是否满足家庭的财务总体规划，而不是这个产品是怎么被销售人员吹的。（至于总体规划怎么规划，我们后面说。）误区二，就是重小孩轻大人，甚至有给小孩子买高额度寿险却不给大人买重疾。【保险的最大原则，是家庭支柱优先！】换句话说，家里的谁最挣钱，谁的保险优先，小孩子的保险反而可以靠后。因为保险是兜底的，家里的经济来源一旦缺失，这才是最大的危机。误区三，买了一堆保险，最后发现都是废的不切实用，保额明显不足。比如有给小孩买寿险的（真的这是明显被保险公司给忽悠了），有那种小孩子重疾险只管到25岁的（这产品用来干嘛？人最容易生大病的年龄明显是45岁以后），每年交多少最后多年后分红返本的（巨贵无比，仅适合土豪不差钱的，性价比太低，我等穷人必须退散），保额严重不足（比如每年缴费最后只有保额10万？真大病这点钱可以干嘛？）以上三点，都是必须避开的误区，在明确了以上的误区之后，下一篇我们谈谈怎么计算家里每个人需要多少保险，怎么选保险，以便尽量避开各种忽悠。@写书哥 @牛魔王啊 收起全文d,01月10日 17:33,我是不是应该买保险,0,,,,
刚刚扒了个我的购买记录，发现14年给黑龙江的手机号充话费，关键我都忘了。然后想起来我13年我妈给我的手机号，挺好的号码，后来我手机丢了就没补办，刚刚我打电话过去试一下竟然通了，响一声我挂了，我是不是应该等对方接起来然后说请问你要买保险吗，最近新推出了几个业务…… ​,01月07日 21:00,我是不是应该买保险,0,,,,
#保险# 我在网上看到一个话题「为什么说穷人才要买保险？」我个人认为哈，穷人更应该买保险，虽然话不好听，但这就是现实。这里的「穷人」我们划分为家庭年收入在5W元以下的，假设家庭成员某一位，突然得了白血病或者急性心肌梗塞，动辄几十W的医药费，以这个家庭的年收入来看，是独自承受不了这个费用的。承受不了了，怎么办？借钱，借助网络平台、媒体向社会求助，如果得到了媒体和网络平台的帮助，这份治疗费就有了着落，如果没有得到帮助呢？很大可能是等死，家里人不愿放弃，就开始砸锅卖铁，家里变得更穷。假如有一份保险，那么通过保险，我们把变得更穷的风险转移给保险公司，治疗时候有钱可用，家里也不需要砸锅卖铁，是不是就很好呢？那收入低的人，该怎么配备保险呢？个人建议百W医疗一定要有，一人一年几百块还是可以轻松承担的，切记，别买超过自己承担能力的保险。 收起全文d,01月06日 15:26,我是不是应该买保险,0,,,,
今天一个朋友来跟我说，我应该用旅行的钱来买保险，他说：你知道前几天那个新闻吧，住院一个月就花掉了自己20年的积蓄那个，一场病花一百多万啊！是不是很惨？我答：“是很惨，赚20年居然只有100w积蓄”他深深地看了我一眼，没继续给我推销他的保险🌝持续赚钱的能力才是人生最大的保险。#享梦游##享游达人##大学生创业##宝妈兼职##旅行# 收起全文d,01月05日 23:52,我是不是应该买保险,0,,,,
先说答案：我不赞成借钱买保险，但你应该买保险。你可能会问，你这个回答自相矛盾呀，我不是没钱买保险又觉得保险重要才来问的吗？1.先说第一个：今年借了几千块，明年再交钱的时候是不是要借？即使到了明年有钱了，又要交续期又要还钱，压力会很大。再说还有后年呢？一份重疾险要交十几年二十年，靠借肯定是很尴尬的。2.没钱也可以买保险。比如我给我刚出生孩子买的一份保险，一年只要400多块，交20年保30年，保40万。你要问30年后咋办？30年后他自己都30岁了，自己买份保险不行吗？3.你还要问，问题我年龄大了，那样的保险没法买吧？的确，上面说的这份保险适合孩子。你们现在是学生，如果买医疗险的话，一年三四佰块，医疗保障可以有上百万，这些产品支付宝和微信上多的是，自己去搜。4.医疗险也有自己的缺陷，比如报销手续，比如康复费用不报销等等，所以便宜的医疗险等于是你有了一把伞，真要有一所房子遮风避雨的话，还是买一份重疾险吧，不过这个可以等到你们工作之后，自己赚钱了，给自己买。5.总结一句话，保险是必需品，但要量力而行，它本身是一个射幸合同，和你躺在病床等救命钱不是一个概念，最反对有人偷换概念制造焦虑。 O如何看待借钱买保险？ 收起全文d,01月05日 13:41,我是不是应该买保险,0,,,,
【#保险小贴士#买保险，缴费期越短越好吗？】在选择长期、均衡保费的保险时，有20年缴和30年缴两种。不难发现，30年缴的虽然每年要少交些保费，但总保费比20年缴的高。那是不是应该为了节约保费，选择20年缴的 当然不是。实际上，如果我们买30年缴的，再把每年省下的保费放进货币基金滚存，基本上可以把比买20年缴的多交的保费赚回来我们以市面上一款热销的重疾险为例，假设被保人是30岁男性，买50万保额保终身。从表格中可以看到，如果选择30年缴费期，每年可以少交1369元，但总保费多了35330元。如果把每年省下来的1369元，拿去投最简单、稳妥的货币基金，即使按平均年化收益率2%算，每年存1369元，连续存30年，30年后也可以得到55538元，不仅可以弥补这35330元的总保费差，还多出2万多元 从这个角度看，没有必要因为30年和20年的保费差，就非要选择20年缴的#新浪保险i保日# @新浪保险@微博保险 收起全文d,01月03日 20:48,我是不是应该买保险,0,,,,
#体检时效#大多数人体检的时候，发现身体指标异常的时候都会考虑自己是不是应该买份保险，这种情况在30-40岁的群体里尤其多见。一是人到中年问题是比较多；二是此时家庭责任大了，觉得自己应该买份保险。一般保险公司对既往病史的要求是提供最近半年的体检报告（如下图）。最近一个客户，拿着份五月份的体检报告来咨询保险，他体检报告显示“非萎缩性胃炎”，刚好保险公司对这个问询是“近半年体检报告”，而他的体检报告刚好超过保险公司要求“一个月”，这种情况真的很尴尬的：1、如果直接买保险，不符合保险公司要求，万一真的有个什么事，有可能会成为保险公司拒赔的理由。2、如果走保险公司的人工核保，大概率会被要求去复查，而复查一定要做“肠胃镜检查”，这个检查是非常痛苦的，一般人不愿意做。做过检查的人一定深有体会。总是有些人有拖延症，非要拖很久才开始处理这些事情。如何避免这种情况发生：1、体检之前把保险配置好，过了等待期后，定期体检（体检之后再考虑保险，你就不一定可以买保险了）2、体检发现异常指标后，尽早解决保险问题。 收起全文d,01月02日 21:27,我是不是应该买保险,0,,,,
“烧香”本是修行之事，要”这样烧“才能消灾去祸！一般来说，初一、十五和神仙圣诞很多人都去道教宫观烧香许愿。很多道教宫观也以无求不应而闻名遐迩，受到很多信众的朝拜，香火不断。很多人也会以为这是因为自己上香的原因，才会得到神仙的庇佑，因而也会有很多人因为事情不顺利就到宫观上香，祈福禳灾。真的是因为上香的原因吗？很多人对烧香的事情表示怀疑，烧香真的有这么大的功用吗？为什么要去道观烧香？烧香有什么好处？为什么在道教宫观求神许愿会比较灵？是不是只要求神许愿，神仙都会满足心愿呢？带着这些问题，我们一起看看到道观里面烧香的那些事。道教焚香只是通信，心诚方可感通三界“九天之上，惟道独尊。万法之中，焚香为先。”焚香是供养神仙的主要方式之一。因为香烟缭绕可以结成云篆，可以上达天庭，奏表悃诚之意，所以上香前必须祝之以使心诚意真。在《祝香咒》中有“道由心学，心假香传。”也就是说，修道者用诚心来修道，借用焚香来表达自己得诚心诚意，将悃诚之意传达仙境。许多修道者都是通过虔诚焚香感应到三界的真师，为其传道解疑。历史上那些著名的修道大家，至少有一半以上都是通过焚香这种方式求得真师真法的。那么，是不是只要心诚了就一定能感通神仙呢？在道教科仪中，有“香自诚心起，烟从信里来。一诚通天界，诸真下瑶阶。”从这句话，不难看出焚香需要心诚，烟便是通信的主要媒介，心诚就能感通三界，这样神仙都会下凡看我们了。也正是因为这个原因，很多人都道教宫观都会烧香，也会虔诚地稽首磕头，希望能所求遂愿，无求不应。那么，是不是只要心诚了就一定能感通神仙呢？在道教科仪中，有“香自诚心起，烟从信里来。一诚通天界，诸真下瑶阶。”从这句话，不难看出焚香需要心诚，烟便是通信的主要媒介，心诚就能感通三界，这样神仙都会下凡看我们了。也正是因为这个原因，很多人都道教宫观都会烧香，也会虔诚地稽首磕头，希望能所求遂愿，无求不应。道教认为，“道”是宇宙的本体，万物的本源，万物运行的规律以及人间伦理道德纲常。“德”是道的外化及功能。神仙是循德而上，在精神和肉体及伦理道德超越于世俗的精神实体。神仙既是道的化身，又是人类道德的楷模。道教以道为最高信仰，用“道德”思想告谕、教化众生，追求天人合一、宇宙和谐、天下太平，教导人们通过修道积德达到安乐幸福、长生久视、得道成仙。赐福消灾同赖善功，天道无亲常与善人求神许愿之后，很多人都会想着愿望会不会实现。那么，是不是所有的愿望都会实现？是不是只要供品多就能得到神仙的眷顾呢？对于这些问题，在很多道教经典中都有提及，比如《道德经》有“天道无亲，常与善人”，《三官经》有“赐福消灾，同赖善功。另外，在很多道教善书中也作了专门的讲解。从这句话不难看出，神仙不分亲疏，总是把善果报应善人。所以给大家赐福消灾并不是仅仅因为许愿或者求神仙了，而是因为自身的善功。同样，也会有人问：为什么我烧香这么久，还会有这么多不顺和不快，为什么我的生意不挣钱，为什么我家里人得病，为什么儿子不听话，为什么我没房没车，很多人都比我强呢？《文昌帝君阴鸷文》有：“欲广福田，须凭心地。行时时之方便，作种种之阴功。利物利人，修善修福。正直代天行化，慈祥为国救民。存平等心，扩宽大量。忠主孝亲，敬兄信友。各睦夫妇，教训子孙。毋慢师长，毋侮圣言。”由此可见，需要修福修善必须从心底上下功夫，而不是做表面工夫，做到“行时时之方便，作种种之阴功”，以至于“利物利人，修善修福”，“人能如此存心，天必赐福于他”。如果凭心做事，《太上感应篇》中有“司过之神依人犯轻重，以夺人算。算减则贫耗，多逢忧患，人皆恶之，刑祸随之，吉庆避之，恶星灾之，算尽则死。又有三台北斗神君，在人头上，录人罪恶，夺其纪算。又有三尸神，在人身中，每到庚申日，辄上诣天曹，言人罪过。月晦之日，灶神亦然。凡人有过，大则夺纪，小则夺算。其过大小，有数百事，欲求长生者，先须避之。”所以，就算烧香很多年，每个月都去宫观烧香，也未必能避免厄运的降临。香供养神仙不是在表忠心，交保护费，买保险，所以信神仙就按照神仙的教导去完善自己，勤修福慧，自然百福骈臻，千祥云集。结交仙友栖集清虚，永断执迷咸归至道道教是长生久视之道，是升天得道之道，而不是让他套上更多的枷锁，以至于通过求神许愿获取那些短期利益，朝真拜斗获取消灾解难。如果真的这样，就好比走入福堂转了一圈，只解决了自身问题，而没有得到实质性的利益。《早课经》有：“思沉沦苦，发清净心，皈奉圣真，特求忏悔，丐怜愚昧。原赦罪愆，解释报冤，蠲消魔障，所觊命逢昌运，名注丹台。际遇真师，亲闻至道，精修妙行，增长善芽，尽节玄门，怡神真境。他日运应灭度，自性不致昏迷。径生十善之家。能通宿命，还证上乘之道，承侍虚皇。”所以，皈依正道，结交仙友，以至于栖集清虚，而长生久视。而不仅仅只是求神许愿，满足日常生活安定无虞，更应该“存平等心，扩宽大量”、“语善，视善，行善”，德蒙神仙赐福消灾，永断执迷咸归至道。 收起全文d,2019年12月31日 09:08,我是不是应该买保险,0,,,,
#中国爷爷、美国爷爷#中国爷爷都会那么做吗？不尽然！但会那么做的，绝对不在少数！美国爷爷是不是都会这样？也不尽然，但会这么做的，应该是大多数吧！这两张图片提示我们，面对人生，你的态度如何，结果就如何！犹太民族比普通美国人保险高10倍，比普通中国人更是高达260倍！因为他们清楚财富传承比企业传承更重要为了子孙好，为了你的家族兴旺。也许现在，我们就可以去做些什么。“一张保单三代受益”，说的就是这个道理。有些保险你买了之后，就好比你种了一棵树，你终身乃至子孙后代都可在此乘凉。趁年轻，去做一些兴旺你家族的事情，到老了也许就力不从心了。保险：没事存钱，有事赔钱，老了领钱！买保险不是消费，而是把钱从你的左口袋挪到右口袋。总之，还是你的钱。一旦发生风险，就有了保障。当然，保险最重要的功能是“有事、赔钱”！对于普通人来说，利用保险的强制储蓄功能，为自己存一笔养老钱就更加重要了。创业容易守业难，财富传承更是需要人们花心思。从 “创一代” 到 “富二代”，保险是首选的传承方式，它轻松打破 “富不过三代” 的 “魔咒”，将财富完美地传承下去！ 收起全文d,2019年12月30日 17:31,我是不是应该买保险,0,,,,
看有人说国内不先交10万，不给抢救，致死。这种事情我没看到过也不知道是不是真的，但我想如果你有医保，或是买了医疗保险大病医保等，应该不会遇到这种情况。我就不信在美国你不买保险不付医疗费，将死之人医院也会不计成本还免费的给你抢救吗？若是免费，医生的高薪收入谁来支付？美国政府来支付吗？ ​,2019年12月29日 08:33,我是不是应该买保险,0,,,,
#宝宝保险怎么买#了解这6条，买保险没人能坑你(中) 我们看一下同样是在50万保额、20年缴费的情况下，到底哪种保险划算？为了65岁返还保费，同样30岁男性每年需要多交80%的保费，就算75岁返还保费的，每年也要多交44%的保费。中国的消费者喜欢返还保费，为了占保费返还的便宜，每年多交20％-80％的钱。其实到时候返本的钱，本身就是每年多交保费在几十年后的自然增值，很有可能都不如自然增值的利益。打开天窗说亮话，保险公司不是慈善组织，所有产品都是精算师计算之后的结果，想占保险公司便宜，朋友~您是不是想得有点天真？不花钱免费就能得到保障，这种天上掉馅饼的事情只会发生在童话世界里。误区三:买的保险没出险，就亏了“买的保险没出险，就亏了”的这种说法，糯米君是非常不赞同甚至说是很讨厌的。我们要接受一个事实:买保险是要花钱的！是你花了钱来买一份收到法律保护的合同。这些保障虽然不是实物，摸不到，但是却是真实存在的。有人会认为我没有发生风险，所以就没有成本，其实这个观点是错误的，保险也是有成本的，其中一部分成本就是基础保障的成本，比如重疾险，精算师们就会考虑全国重疾率、寿险就会考虑全国人口死亡率等等。有人问了，你前面说了，这只是保险成本的一部分，那另外的一部分成本是什么呢？这里就不展开细说了，我会在后面的一篇文章中着重说下保险成本的核算模型。如果大家确定自己100％不会得重疾，100%不会出现意外，那么就不用买重疾险和意外险。之前有人开玩笑说，不出险觉得1元的保费都多余，等到出险了，恨不得全世界的保额都是我的！这种思想要改变，如果买了一份保障30年的定期寿险，30年后没有身故，我觉得首先应该感谢上苍的垂爱，又活了30年，同时你应该对用你交的钱理赔的人深怀同情并深表遗憾。所以买保险是要花钱的！只要是花钱的东西就都有成本。  误区四:大公司好，多花钱肯定有道理！现在中国有近200家保险公司，目前保险的营运牌照获得的门槛很高，能获得这些牌照的公司规模都很大，资金实力都很强。大家常见的误区我说一下误区1：只买大公司的产品大众眼里所谓的大公司，往往依靠于广告和周围网点的数量来判断，比如大家很熟悉的平安、人保、国寿。这些公司成立的时间比较长，所以大家都熟知。而判断大小的依据除了成立的时间，还有股东的背景、注册资金以及每年盈利能力等等。所以不能自己没听过就是小公司，听过的就是大公司这种初级的想法。  O绿洲 收起全文d,2019年12月25日 12:59,我是不是应该买保险,0,,,,
"2019年12月25日 05:29
                        
                                          来自 HUAWEI P10 Plus",2019年12月24日 12:39,我是不是应该买保险,0,,,,
"都是重疾险，别人花5000，凭啥你花10000？

朋友在亲戚的推荐下买了一份重疾险，保额50万，缴费期30年，每年缴费1万多，一切看起来很完美！

正好，他的同事也刚买了一份重疾险，保额、缴费期都一样，唯一不同的是，每年保费只用5000多！没错，确实是5000多！！！

朋友很郁闷，“都是重疾险，别人花5000，凭啥我要花10000？”

我觉得是时候给大家普及一下了！希望更多的朋友看到，少走弯路，少花钱，毕竟谁挣钱都很不容易！

1

为啥价格差距那么大？

探其根源，究竟哪些因素影响了保费的价格呢？主要可归结为以下4个原因！

1、盲目追捧大公司

很多人认为，买保险短则几十年，长则一辈子，只认大公司，觉得更有保障。

其实，保险产品的优劣和公司大小并没有直接关系。相反，大公司的广告费、营销费用会更高，这些支出也会计算进保险产品的保费中。

不同公司的同类型产品，大公司的会更贵！

2、年龄/性别因素

性别、年龄也是影响价格的主要因素之一。以重疾险为例，年纪越小，保费越低；同一年龄，女性比男性的价格更低！

3、自身健康差异

同时，个体的身体健康状况也会影响投保和保费。比如乙肝大三阳患者、体重过重等都有可能会被直接拒保、除外责任承保、加费承保等。

4、保障内容不同

①　保障期限和缴费期限

同一款产品，保终身比保到固定年限（比如：保到70岁）的价格贵。因为，保障的时间越久，发生风险的概率也更高。缴费期越长，每年交的钱就越少。

②　多次赔付更贵

多次赔付比单次赔付的重疾险更贵。预算少，单次赔付就够了。预算充足，可以购买多次赔付的重疾险。同时，多次赔付的间隔期越短越好。

③　带身故责任的重疾险更贵

带身故责任的重疾险，价格相对高很多。如果重疾责任赔付过，身故责任保障就失效了，和不带身故责任的重疾险没有区别。

因此，可以单独配置保障疾病的医疗险、重疾险，寿险更划算！

④　附加险越多越贵

常见附加险有医疗险、癌症二次赔付等，加的越多，保费就越多。

⑤　返还型比消费型贵

返还型保险是在合同约定的年限后，未曾出险赔付就返还保费。其实，返还的保费是你多交的保费换来的，如果出了险，返还也就没有了。

2

这样买保险更划算！

1、趁早买保险

买保险真的要趁早！年龄越小，费率越低。而且，年龄小身体好，被加费或拒保的情况也比较少。

2、不看公司看产品

“便宜没好货”在买保险这件事上毫无道理！只要产品的保障好、价格实惠，甭管是不是小公司，是否知名，放心买！

3、消费型保险更实惠

保险主要功能是应对未来风险，千万不要被眼前的蝇头小利蒙了双眼，保障才应该是保险的核心功能。

4、延长缴费期

特别是对于重疾保险，大部分产品都有豁免功能，缴费时间越长，每期交的保费越少。

5、理性选择附加险

建议大家根据自身情况，先完善基础保障，再根据预算和需求去选择相应的附加险。 2北京·小西天 收起全文d",2019年12月24日 12:20,我是不是应该买保险,0,,,,
我们跟客户探讨是不是应该买保险， 其实就是在探讨风险是否存在，生命是否比金钱重要，所以销售过程就是生命价值确认过程。生病后，钱就是命！ ​,2019年12月24日 11:38,我是不是应该买保险,0,,,,
"1、因为我的身高不高，所以未来我的人生里就不应该出现1米7以上的男子吗？因为你们的想法是我要扬起我高傲的下巴去看别人，我只想说你们想多了。1米7以上的男子就只比我高了眉毛以上的身高。马克思说:“伟人之所以看起来伟大,只是因为我们在跪着。其实当我们平起相坐时，就不会存在谁高谁矮。不要轻易放弃自己的追求，哪怕是有人阻碍。做梦好的，说不定有一天就实现了。2、不知道写《水浒传》那个人的结局是不是个逗比，明明宋江那一众人那么有能力最后非要招安，直接造反不就行了吗？真的应证了一句话，好人命不长。祸害遗千年。3、花千骨里面的马克绝对是我见过的最愚蠢的领导，果然在江山和美人面前，都只愿意要美人。4、蜜蜂痛恨人类，于是想报复人类，用自己的长蛰插入人类的皮肤。可人类只是休养几天，而蜜蜂却要付出生命的代价，在这之前，蜜蜂不知道自己是这种结果。5、搞不定为什么现在听歌酷歌音乐都要登录6、会计从业资格证书早就被取消了，现在当会计都可以不用证了，时代在不停的发展，改革在不停的进步，剔除了一些老的东西，我只想说改革都是坑人的。7、如果我们一开始就知道努力地东西是白费，那么我们真的会选择不努力，只是我门有了经验，便可以少走很多弯路。8、人生没有绝对的死棋，包括工作、生活和感情。9、民以食为天，民以零食为天10、吃猪肉要贷款，自行车也该买保险。 收起全文d",2019年12月23日 20:26,我是不是应该买保险,0,,,,
是不是只有我觉得买保险就是被热情的服务后签合同、交钱，以后十年二十年就是交钱。时间长了，没人理你，自己都不记得那份合同中你应该享受什么，特别是真要理赔比从哪要钱都复杂都难 2湘潭 ​,2019年12月23日 12:38,我是不是应该买保险,0,,,,
"重疾险5问5答

-问题 1-
问：几十种病那么复杂，我一个不懂医学知识的人怎么搞得清楚？

其实你不需要搞明白，也很难真的全部搞明白，条款的科学性合理性应该由行业规范和监管部门负责。所以保险的合法性是其安全性的保证。这就好比买卖手机的不需要会修手机，买卖汽车的不需要会修汽车。能看懂说明书，学会基本操作就可以了。再打个比方，吃药你不需要自己研究药品说明书（那个说明书是为了符合监管规定明确责任），只要遵医嘱，能搞懂用法用量就可以。

买保险也一样，我们最该关注的是：交多少（保费），领多少（保额），出什么事赔多少（保险责任），什么情况不给（除外责任）。
退一万步说，学医的也未必能搞懂全部的几十种病。

-问题 2-
问：合同上那几十种病，每个都离死不远了，这个时候你们再赔钱有什么用？

先不说现实中一些常见的重大疾病的存活率越来越高，比如乳腺癌等。保险公司的理赔数据也证明不像我们想象的那么糟糕。我们需要确认的问题是：生病能不能治好，是医院和医生的水平问题；生病了要不要去医院治疗，是每个家庭的决定；治疗花了很多钱钱有没有人帮助承担，这才和保险有瓜葛。

我们只需要问自己：生病要不要治？当然得治。明知道治不好要不要治？除了病人自己可以说不治，家属都会全力以赴，所以负债累累倾家荡产的不是少数。治了花钱了，不管结果是不是治好了，有人给承担和没人管哪个好？当然是有人管好。

重疾险就是在我们最困难的时候给一大笔钱，没有任何错误，没有任何伤害，为什么要拒绝呢？

-问题 3-
问：我们单位福利好，医疗费都报销，这重疾险买了不是多余吗？

重疾险是约定给付，不是报销（报销是补偿概念，损失多少补偿多少，有损失才有补偿），不要发票，买多少就给多少，不管你怎么花。科学的说法，保险是帮助我们对冲风险，增强安全感。换个角度理解，就是在我们倒霉的时候（罹患重疾），帮助我们把钱变多，跟医疗费没关系，给人以心理上的希望。

比如一个人患病，单位全部报销，保险公司赔付1000万（也许只交了50万保费），可以把房贷还了，康复疗养没经济压力，不拖累家人，甚至提高了生活品质，到处旅旅游出去看看世界……即使终究还是离开，也给家人留下足够的财富，而不是烂摊子。保险就是在我们遭遇不幸的时候把钱变多，这一定是好事而不是坏事。

很多人这一生都是在拼命赚钱，希望钱越多越好，所以明知“资金规划有风险，入市需谨慎”，还是趋之若鹜。其实保险也是一种风险资金规划，而且确保风险一旦发生，一定获得收益。

-问题 4-
问：生活不富裕，每年交好几千，还要交几十年，对我来说压力太大了吧？

如果现在都担心每年几千块保费的压力，那你其实更需要担心将来某一天几万几十万医疗费的问题，那压力更承担不起不是吗？

趁着现在还年轻，还可以奋斗的年龄，应该研究的是怎么努力多赚钱，而不是靠侥幸心理，纠结是否可以靠不买保险来省钱。事实一再证明，凡事当年咬牙做的决定都是对的，当时不咬牙，等遇到事情的时候，咬
掉呀也没用了。

-问题 5-
问：这么多公司，这么多保险，这么多代理人，我该相信谁？该选什么产品？

记住一句话：拥有才有价值。买就比不买合适，有保障就比没保障好。何况，我们这一辈子消费的那么多东西，你的衣服不一定是最漂亮的，你的车不一定是超好的，你的房子性价比也未必最高，但有的都比没有的好。所以不要过于纠结价格，多关注价值（能帮你解决什么问题）。

如果真的要比较产品，也要在交费额度一样，交费期一致，保障期相同的情况下比较利益，不然就没有意义。保险产品大多情况下是一分价钱一分货，如果看上去一模一样的两个产品价格差距却很大，那一定是你没有发现关键的不同点，这时你应该去咨询专业人士。

在购买重疾险时需要关注的几个要点：

①观察期（有90天的，有180天甚至更长的，对客户来说，越短越好）；
②疾病种类（也不是越多越好，市面流行的基本都够用，种类太多带来的价格高没必要，有包含疾病末期或者生命关爱责任的超好）；
③有轻症额外给付的好；有特定疾病额外给付的好；
④有身故责任的好；
⑤只买专项重疾是不够保险的，但可以作为补充。 收起全文d",2019年12月23日 12:32,我是不是应该买保险,0,,,,
要学会：“烧香”修行之事，要”这样烧“才能消灾去祸！一般来说，初一、十五和神仙圣诞很多人都去道教宫观烧香许愿。很多道教宫观也以无求不应而闻名遐迩，受到很多信众的朝拜，香火不断。很多人也会以为这是因为自己上香的原因，才会得到神仙的庇佑，因而也会有很多人因为事情不顺利就到宫观上香，祈福禳灾。真的是因为上香的原因吗？很多人对烧香的事情表示怀疑，烧香真的有这么大的功用吗？为什么要去道观烧香？烧香有什么好处？为什么在道教宫观求神许愿会比较灵？是不是只要求神许愿，神仙都会满足心愿呢？带着这些问题，我们一起看看到道观里面烧香的那些事。一、道教焚香只是通信，心诚方可感通三界“九天之上，惟道独尊。万法之中，焚香为先。”焚香是供养神仙的主要方式之一。因为香烟缭绕可以结成云篆，可以上达天庭，奏表悃诚之意，所以上香前必须祝之以使心诚意真。在《祝香咒》中有“道由心学，心假香传。”也就是说，修道者用诚心来修道，借用焚香来表达自己得诚心诚意，将悃诚之意传达仙境。许多修道者都是通过虔诚焚香感应到三界的真师，为其传道解疑。历史上那些著名的修道大家，至少有一半以上都是通过焚香这种方式求得真师真法的。那么，是不是只要心诚了就一定能感通神仙呢？在道教科仪中，有“香自诚心起，烟从信里来。一诚通天界，诸真下瑶阶。”从这句话，不难看出焚香需要心诚，烟便是通信的主要媒介，心诚就能感通三界，这样神仙都会下凡看我们了。也正是因为这个原因，很多人都道教宫观都会烧香，也会虔诚地稽首磕头，希望能所求遂愿，无求不应。那么，是不是只要心诚了就一定能感通神仙呢？在道教科仪中，有“香自诚心起，烟从信里来。一诚通天界，诸真下瑶阶。”从这句话，不难看出焚香需要心诚，烟便是通信的主要媒介，心诚就能感通三界，这样神仙都会下凡看我们了。也正是因为这个原因，很多人都道教宫观都会烧香，也会虔诚地稽首磕头，希望能所求遂愿，无求不应。道教认为，“道”是宇宙的本体，万物的本源，万物运行的规律以及人间伦理道德纲常。“德”是道的外化及功能。神仙是循德而上，在精神和肉体及伦理道德超越于世俗的精神实体。神仙既是道的化身，又是人类道德的楷模。道教以道为最高信仰，用“道德”思想告谕、教化众生，追求天人合一、宇宙和谐、天下太平，教导人们通过修道积德达到安乐幸福、长生久视、得道成仙。二、赐福消灾同赖善功，天道无亲常与善人求神许愿之后，很多人都会想着愿望会不会实现。那么，是不是所有的愿望都会实现？是不是只要供品多就能得到神仙的眷顾呢？对于这些问题，在很多道教经典中都有提及，比如《道德经》有“天道无亲，常与善人”，《三官经》有“赐福消灾，同赖善功。另外，在很多道教善书中也作了专门的讲解。从这句话不难看出，神仙不分亲疏，总是把善果报应善人。所以给大家赐福消灾并不是仅仅因为许愿或者求神仙了，而是因为自身的善功。同样，也会有人问：为什么我烧香这么久，还会有这么多不顺和不快，为什么我的生意不挣钱，为什么我家里人得病，为什么儿子不听话，为什么我没房没车，很多人都比我强呢？《文昌帝君阴鸷文》有：“欲广福田，须凭心地。行时时之方便，作种种之阴功。利物利人，修善修福。正直代天行化，慈祥为国救民。存平等心，扩宽大量。忠主孝亲，敬兄信友。各睦夫妇，教训子孙。毋慢师长，毋侮圣言。”由此可见，需要修福修善必须从心底上下功夫，而不是做表面工夫，做到“行时时之方便，作种种之阴功”，以至于“利物利人，修善修福”，“人能如此存心，天必赐福于他”。如果凭心做事，《太上感应篇》中有“司过之神依人犯轻重，以夺人算。算减则贫耗，多逢忧患，人皆恶之，刑祸随之，吉庆避之，恶星灾之，算尽则死。又有三台北斗神君，在人头上，录人罪恶，夺其纪算。又有三尸神，在人身中，每到庚申日，辄上诣天曹，言人罪过。月晦之日，灶神亦然。凡人有过，大则夺纪，小则夺算。其过大小，有数百事，欲求长生者，先须避之。”所以，就算烧香很多年，每个月都去宫观烧香，也未必能避免厄运的降临。香供养神仙不是在表忠心，交保护费，买保险，所以信神仙就按照神仙的教导去完善自己，勤修福慧，自然百福骈臻，千祥云集。三、结交仙友栖集清虚，永断执迷咸归至道道教是长生久视之道，是升天得道之道，而不是让他套上更多的枷锁，以至于通过求神许愿获取那些短期利益，朝真拜斗获取消灾解难。如果真的这样，就好比走入福堂转了一圈，只解决了自身问题，而没有得到实质性的利益。《早课经》有：“思沉沦苦，发清净心，皈奉圣真，特求忏悔，丐怜愚昧。原赦罪愆，解释报冤，蠲消魔障，所觊命逢昌运，名注丹台。际遇真师，亲闻至道，精修妙行，增长善芽，尽节玄门，怡神真境。他日运应灭度，自性不致昏迷。径生十善之家。能通宿命，还证上乘之道，承侍虚皇。”所以，皈依正道，结交仙友，以至于栖集清虚，而长生久视。而不仅仅只是求神许愿，满足日常生活安定无虞，更应该“存平等心，扩宽大量”、“语善，视善，行善”，德蒙神仙赐福消灾，永断执迷咸归至道。 收起全文d,2019年12月22日 13:24,我是不是应该买保险,0,,,,
#宝宝保险怎么买#买保险前还要准备什么(中) 二、先大人，后小孩、老人很多人都是因为孩子出生，才考虑购买保险的，为了给孩子未来更多的保障，会花不少钱给孩子购买保险，尤其以重疾险、教育金最多，当年的我也是其中之一。可这样就真的对吗？举个例子，如果年收入20万的家庭，每年拿出10％的预算，也就是用2万给全家购买保险，我相信这些预算已经足够多了。如果不加思考，先不说教育年金了，给孩子买了7000元的重疾险，那么给大人留下的空间就非常小，剩下的1.3万能做什么呢？先看一个粉丝的留言:见图3糯米君建议，买保险一定要做到先大人，后小孩、老人。理性来讲，孩子对于家庭来讲算是一种“负债”，在长达十几年、甚至工作之前的时间里，都没办法给家庭贡献收入。三、先保家庭第一经济支柱，后保家庭第二经济支柱之前说了要先大人后小孩、老人，那么大人的投保顺序是什么呢？我想大家应该都知道了，肯定是谁承担“爱与责任”的越多越先投保。所以首先要保障家庭经济支柱（家里挣钱最多、次多的人）的意外、医疗、重大疾病和寿险获得了充分的保障。防止风险来临后，父母由于罹患重疾没办法继续工作，或更不幸的离开人世，孩子可以通过保险理赔得到至少几十万、上百万的理赔款而生存下去，并且继续接受良好的教育。对于家庭来讲，大人的平安才是孩子健康成长的唯一前提，所以在大人保险没有足够配置之前，请谨慎为孩子花费重金，不理性的购买保险。如果前面的“1”没有了，出现重大问题了，后面多少个“0”也没有意义。四、先规划，后产品大家可能会跟我自己之前买保险一样，总问身边的朋友，听说最近这款保险产品性价比特别高，帮看下有什么优点和缺点？到底值不值得买。同样地，每天糯米君在后台及身边的朋友的询问，也会遇到类似的问题，比如最近很火的，听说预定利率4.025%的年金产品马上下架，是不是现在不买就来不及了？对于这样的问题，糯米君一般很难回答。因为保险是一种转移家庭财务风险的工具，不同家庭的情况不同，风险也不同。不知道家庭的收入、预算、人员结构、过往保险配置、身体健康情况，是没办法给大家一个合适的答案的。所以我建议大家要充分认识自己的家庭情况，以及自己对风险的偏好，选择合适的保险产品，而不要过分的陷入这个保险好不好，那个保险好不好的怪圈中。未完待续，限于篇幅有限，请继续看(下) O绿洲 收起全文d,2019年12月22日 10:00,我是不是应该买保险,0,,,,
“烧香”修行之事，要”这样烧“才能消灾去祸！一般来说，初一、十五和神仙圣诞很多人都去道教宫观烧香许愿。很多道教宫观也以无求不应而闻名遐迩，受到很多信众的朝拜，香火不断。很多人也会以为这是因为自己上香的原因，才会得到神仙的庇佑，因而也会有很多人因为事情不顺利就到宫观上香，祈福禳灾。真的是因为上香的原因吗？很多人对烧香的事情表示怀疑，烧香真的有这么大的功用吗？为什么要去道观烧香？烧香有什么好处？为什么在道教宫观求神许愿会比较灵？是不是只要求神许愿，神仙都会满足心愿呢？带着这些问题，我们一起看看到道观里面烧香的那些事。一、道教焚香只是通信，心诚方可感通三界“九天之上，惟道独尊。万法之中，焚香为先。”焚香是供养神仙的主要方式之一。因为香烟缭绕可以结成云篆，可以上达天庭，奏表悃诚之意，所以上香前必须祝之以使心诚意真。在《祝香咒》中有“道由心学，心假香传。”也就是说，修道者用诚心来修道，借用焚香来表达自己得诚心诚意，将悃诚之意传达仙境。许多修道者都是通过虔诚焚香感应到三界的真师，为其传道解疑。历史上那些著名的修道大家，至少有一半以上都是通过焚香这种方式求得真师真法的。那么，是不是只要心诚了就一定能感通神仙呢？在道教科仪中，有“香自诚心起，烟从信里来。一诚通天界，诸真下瑶阶。”从这句话，不难看出焚香需要心诚，烟便是通信的主要媒介，心诚就能感通三界，这样神仙都会下凡看我们了。也正是因为这个原因，很多人都道教宫观都会烧香，也会虔诚地稽首磕头，希望能所求遂愿，无求不应。那么，是不是只要心诚了就一定能感通神仙呢？在道教科仪中，有“香自诚心起，烟从信里来。一诚通天界，诸真下瑶阶。”从这句话，不难看出焚香需要心诚，烟便是通信的主要媒介，心诚就能感通三界，这样神仙都会下凡看我们了。也正是因为这个原因，很多人都道教宫观都会烧香，也会虔诚地稽首磕头，希望能所求遂愿，无求不应。道教认为，“道”是宇宙的本体，万物的本源，万物运行的规律以及人间伦理道德纲常。“德”是道的外化及功能。神仙是循德而上，在精神和肉体及伦理道德超越于世俗的精神实体。神仙既是道的化身，又是人类道德的楷模。道教以道为最高信仰，用“道德”思想告谕、教化众生，追求天人合一、宇宙和谐、天下太平，教导人们通过修道积德达到安乐幸福、长生久视、得道成仙。二、赐福消灾同赖善功，天道无亲常与善人求神许愿之后，很多人都会想着愿望会不会实现。那么，是不是所有的愿望都会实现？是不是只要供品多就能得到神仙的眷顾呢？对于这些问题，在很多道教经典中都有提及，比如《道德经》有“天道无亲，常与善人”，《三官经》有“赐福消灾，同赖善功。另外，在很多道教善书中也作了专门的讲解。从这句话不难看出，神仙不分亲疏，总是把善果报应善人。所以给大家赐福消灾并不是仅仅因为许愿或者求神仙了，而是因为自身的善功。同样，也会有人问：为什么我烧香这么久，还会有这么多不顺和不快，为什么我的生意不挣钱，为什么我家里人得病，为什么儿子不听话，为什么我没房没车，很多人都比我强呢？《文昌帝君阴鸷文》有：“欲广福田，须凭心地。行时时之方便，作种种之阴功。利物利人，修善修福。正直代天行化，慈祥为国救民。存平等心，扩宽大量。忠主孝亲，敬兄信友。各睦夫妇，教训子孙。毋慢师长，毋侮圣言。”由此可见，需要修福修善必须从心底上下功夫，而不是做表面工夫，做到“行时时之方便，作种种之阴功”，以至于“利物利人，修善修福”，“人能如此存心，天必赐福于他”。如果凭心做事，《太上感应篇》中有“司过之神依人犯轻重，以夺人算。算减则贫耗，多逢忧患，人皆恶之，刑祸随之，吉庆避之，恶星灾之，算尽则死。又有三台北斗神君，在人头上，录人罪恶，夺其纪算。又有三尸神，在人身中，每到庚申日，辄上诣天曹，言人罪过。月晦之日，灶神亦然。凡人有过，大则夺纪，小则夺算。其过大小，有数百事，欲求长生者，先须避之。”所以，就算烧香很多年，每个月都去宫观烧香，也未必能避免厄运的降临。香供养神仙不是在表忠心，交保护费，买保险，所以信神仙就按照神仙的教导去完善自己，勤修福慧，自然百福骈臻，千祥云集。三、结交仙友栖集清虚，永断执迷咸归至道道教是长生久视之道，是升天得道之道，而不是让他套上更多的枷锁，以至于通过求神许愿获取那些短期利益，朝真拜斗获取消灾解难。如果真的这样，就好比走入福堂转了一圈，只解决了自身问题，而没有得到实质性的利益。《早课经》有：“思沉沦苦，发清净心，皈奉圣真，特求忏悔，丐怜愚昧。原赦罪愆，解释报冤，蠲消魔障，所觊命逢昌运，名注丹台。际遇真师，亲闻至道，精修妙行，增长善芽，尽节玄门，怡神真境。他日运应灭度，自性不致昏迷。径生十善之家。能通宿命，还证上乘之道，承侍虚皇。”所以，皈依正道，结交仙友，以至于栖集清虚，而长生久视。而不仅仅只是求神许愿，满足日常生活安定无虞，更应该“存平等心，扩宽大量”、“语善，视善，行善”，德蒙神仙赐福消灾，永断执迷咸归至道。 收起全文d,2019年12月21日 14:32,我是不是应该买保险,0,,,,
要学会：“烧香”修行之事，要”这样烧“才能消灾去祸！一般来说，初一、十五和神仙圣诞很多人都去道教宫观烧香许愿。很多道教宫观也以无求不应而闻名遐迩，受到很多信众的朝拜，香火不断。很多人也会以为这是因为自己上香的原因，才会得到神仙的庇佑，因而也会有很多人因为事情不顺利就到宫观上香，祈福禳灾。真的是因为上香的原因吗？很多人对烧香的事情表示怀疑，烧香真的有这么大的功用吗？为什么要去道观烧香？烧香有什么好处？为什么在道教宫观求神许愿会比较灵？是不是只要求神许愿，神仙都会满足心愿呢？带着这些问题，我们一起看看到道观里面烧香的那些事。一、道教焚香只是通信，心诚方可感通三界“九天之上，惟道独尊。万法之中，焚香为先。”焚香是供养神仙的主要方式之一。因为香烟缭绕可以结成云篆，可以上达天庭，奏表悃诚之意，所以上香前必须祝之以使心诚意真。在《祝香咒》中有“道由心学，心假香传。”也就是说，修道者用诚心来修道，借用焚香来表达自己得诚心诚意，将悃诚之意传达仙境。许多修道者都是通过虔诚焚香感应到三界的真师，为其传道解疑。历史上那些著名的修道大家，至少有一半以上都是通过焚香这种方式求得真师真法的。那么，是不是只要心诚了就一定能感通神仙呢？在道教科仪中，有“香自诚心起，烟从信里来。一诚通天界，诸真下瑶阶。”从这句话，不难看出焚香需要心诚，烟便是通信的主要媒介，心诚就能感通三界，这样神仙都会下凡看我们了。也正是因为这个原因，很多人都道教宫观都会烧香，也会虔诚地稽首磕头，希望能所求遂愿，无求不应。那么，是不是只要心诚了就一定能感通神仙呢？在道教科仪中，有“香自诚心起，烟从信里来。一诚通天界，诸真下瑶阶。”从这句话，不难看出焚香需要心诚，烟便是通信的主要媒介，心诚就能感通三界，这样神仙都会下凡看我们了。也正是因为这个原因，很多人都道教宫观都会烧香，也会虔诚地稽首磕头，希望能所求遂愿，无求不应。道教认为，“道”是宇宙的本体，万物的本源，万物运行的规律以及人间伦理道德纲常。“德”是道的外化及功能。神仙是循德而上，在精神和肉体及伦理道德超越于世俗的精神实体。神仙既是道的化身，又是人类道德的楷模。道教以道为最高信仰，用“道德”思想告谕、教化众生，追求天人合一、宇宙和谐、天下太平，教导人们通过修道积德达到安乐幸福、长生久视、得道成仙。二、赐福消灾同赖善功，天道无亲常与善人求神许愿之后，很多人都会想着愿望会不会实现。那么，是不是所有的愿望都会实现？是不是只要供品多就能得到神仙的眷顾呢？对于这些问题，在很多道教经典中都有提及，比如《道德经》有“天道无亲，常与善人”，《三官经》有“赐福消灾，同赖善功。另外，在很多道教善书中也作了专门的讲解。从这句话不难看出，神仙不分亲疏，总是把善果报应善人。所以给大家赐福消灾并不是仅仅因为许愿或者求神仙了，而是因为自身的善功。同样，也会有人问：为什么我烧香这么久，还会有这么多不顺和不快，为什么我的生意不挣钱，为什么我家里人得病，为什么儿子不听话，为什么我没房没车，很多人都比我强呢？《文昌帝君阴鸷文》有：“欲广福田，须凭心地。行时时之方便，作种种之阴功。利物利人，修善修福。正直代天行化，慈祥为国救民。存平等心，扩宽大量。忠主孝亲，敬兄信友。各睦夫妇，教训子孙。毋慢师长，毋侮圣言。”由此可见，需要修福修善必须从心底上下功夫，而不是做表面工夫，做到“行时时之方便，作种种之阴功”，以至于“利物利人，修善修福”，“人能如此存心，天必赐福于他”。如果凭心做事，《太上感应篇》中有“司过之神依人犯轻重，以夺人算。算减则贫耗，多逢忧患，人皆恶之，刑祸随之，吉庆避之，恶星灾之，算尽则死。又有三台北斗神君，在人头上，录人罪恶，夺其纪算。又有三尸神，在人身中，每到庚申日，辄上诣天曹，言人罪过。月晦之日，灶神亦然。凡人有过，大则夺纪，小则夺算。其过大小，有数百事，欲求长生者，先须避之。”所以，就算烧香很多年，每个月都去宫观烧香，也未必能避免厄运的降临。香供养神仙不是在表忠心，交保护费，买保险，所以信神仙就按照神仙的教导去完善自己，勤修福慧，自然百福骈臻，千祥云集。三、结交仙友栖集清虚，永断执迷咸归至道道教是长生久视之道，是升天得道之道，而不是让他套上更多的枷锁，以至于通过求神许愿获取那些短期利益，朝真拜斗获取消灾解难。如果真的这样，就好比走入福堂转了一圈，只解决了自身问题，而没有得到实质性的利益。《早课经》有：“思沉沦苦，发清净心，皈奉圣真，特求忏悔，丐怜愚昧。原赦罪愆，解释报冤，蠲消魔障，所觊命逢昌运，名注丹台。际遇真师，亲闻至道，精修妙行，增长善芽，尽节玄门，怡神真境。他日运应灭度，自性不致昏迷。径生十善之家。能通宿命，还证上乘之道，承侍虚皇。”所以，皈依正道，结交仙友，以至于栖集清虚，而长生久视。而不仅仅只是求神许愿，满足日常生活安定无虞，更应该“存平等心，扩宽大量”、“语善，视善，行善”，德蒙神仙赐福消灾，永断执迷咸归至道。 收起全文d,2019年12月20日 12:47,我是不是应该买保险,0,,,,
弹劾案一通过，共和党和民主党从此分道扬镳，建国说佩洛西疯了，应该是被建国逼疯的，历史会写上这一笔，弹劾是政变。全世界不会在乎美国还是不是三权分立民主主义，但通过弹劾美国就会围着是不是滥用职权展开辩论，一展开辩论那么鬼知道会发生什么事情。资本市场就会提前买保险，所以在这个节骨眼上佩洛西弹劾建国，建国说的没错，她和民主党都疯了。如果说建国还有一点爱国精神的话，那么民主党就只在乎自己的利益，自私任性，对于民主党国家是什么，世界是什么，民主是什么，都是一件件拿在手中的工具罢了。美国那边狂忙公关，参议院不会通过，一通过不用说美国分成两个，民主美国，民族美国。民主党这个口子开的太差了，是真的急了。有生之年应该可以看到真正的美利坚众合国。 收起全文d,2019年12月20日 08:45,我是不是应该买保险,0,,,,
要学会：“烧香”修行之事，要”这样烧“才能消灾去祸！一般来说，初一、十五和神仙圣诞很多人都去道教宫观烧香许愿。很多道教宫观也以无求不应而闻名遐迩，受到很多信众的朝拜，香火不断。很多人也会以为这是因为自己上香的原因，才会得到神仙的庇佑，因而也会有很多人因为事情不顺利就到宫观上香，祈福禳灾。真的是因为上香的原因吗？很多人对烧香的事情表示怀疑，烧香真的有这么大的功用吗？为什么要去道观烧香？烧香有什么好处？为什么在道教宫观求神许愿会比较灵？是不是只要求神许愿，神仙都会满足心愿呢？带着这些问题，我们一起看看到道观里面烧香的那些事。一、道教焚香只是通信，心诚方可感通三界“九天之上，惟道独尊。万法之中，焚香为先。”焚香是供养神仙的主要方式之一。因为香烟缭绕可以结成云篆，可以上达天庭，奏表悃诚之意，所以上香前必须祝之以使心诚意真。在《祝香咒》中有“道由心学，心假香传。”也就是说，修道者用诚心来修道，借用焚香来表达自己得诚心诚意，将悃诚之意传达仙境。许多修道者都是通过虔诚焚香感应到三界的真师，为其传道解疑。历史上那些著名的修道大家，至少有一半以上都是通过焚香这种方式求得真师真法的。那么，是不是只要心诚了就一定能感通神仙呢？在道教科仪中，有“香自诚心起，烟从信里来。一诚通天界，诸真下瑶阶。”从这句话，不难看出焚香需要心诚，烟便是通信的主要媒介，心诚就能感通三界，这样神仙都会下凡看我们了。也正是因为这个原因，很多人都道教宫观都会烧香，也会虔诚地稽首磕头，希望能所求遂愿，无求不应。那么，是不是只要心诚了就一定能感通神仙呢？在道教科仪中，有“香自诚心起，烟从信里来。一诚通天界，诸真下瑶阶。”从这句话，不难看出焚香需要心诚，烟便是通信的主要媒介，心诚就能感通三界，这样神仙都会下凡看我们了。也正是因为这个原因，很多人都道教宫观都会烧香，也会虔诚地稽首磕头，希望能所求遂愿，无求不应。道教认为，“道”是宇宙的本体，万物的本源，万物运行的规律以及人间伦理道德纲常。“德”是道的外化及功能。神仙是循德而上，在精神和肉体及伦理道德超越于世俗的精神实体。神仙既是道的化身，又是人类道德的楷模。道教以道为最高信仰，用“道德”思想告谕、教化众生，追求天人合一、宇宙和谐、天下太平，教导人们通过修道积德达到安乐幸福、长生久视、得道成仙。二、赐福消灾同赖善功，天道无亲常与善人求神许愿之后，很多人都会想着愿望会不会实现。那么，是不是所有的愿望都会实现？是不是只要供品多就能得到神仙的眷顾呢？对于这些问题，在很多道教经典中都有提及，比如《道德经》有“天道无亲，常与善人”，《三官经》有“赐福消灾，同赖善功。另外，在很多道教善书中也作了专门的讲解。从这句话不难看出，神仙不分亲疏，总是把善果报应善人。所以给大家赐福消灾并不是仅仅因为许愿或者求神仙了，而是因为自身的善功。同样，也会有人问：为什么我烧香这么久，还会有这么多不顺和不快，为什么我的生意不挣钱，为什么我家里人得病，为什么儿子不听话，为什么我没房没车，很多人都比我强呢？《文昌帝君阴鸷文》有：“欲广福田，须凭心地。行时时之方便，作种种之阴功。利物利人，修善修福。正直代天行化，慈祥为国救民。存平等心，扩宽大量。忠主孝亲，敬兄信友。各睦夫妇，教训子孙。毋慢师长，毋侮圣言。”由此可见，需要修福修善必须从心底上下功夫，而不是做表面工夫，做到“行时时之方便，作种种之阴功”，以至于“利物利人，修善修福”，“人能如此存心，天必赐福于他”。如果凭心做事，《太上感应篇》中有“司过之神依人犯轻重，以夺人算。算减则贫耗，多逢忧患，人皆恶之，刑祸随之，吉庆避之，恶星灾之，算尽则死。又有三台北斗神君，在人头上，录人罪恶，夺其纪算。又有三尸神，在人身中，每到庚申日，辄上诣天曹，言人罪过。月晦之日，灶神亦然。凡人有过，大则夺纪，小则夺算。其过大小，有数百事，欲求长生者，先须避之。”所以，就算烧香很多年，每个月都去宫观烧香，也未必能避免厄运的降临。香供养神仙不是在表忠心，交保护费，买保险，所以信神仙就按照神仙的教导去完善自己，勤修福慧，自然百福骈臻，千祥云集。三、结交仙友栖集清虚，永断执迷咸归至道道教是长生久视之道，是升天得道之道，而不是让他套上更多的枷锁，以至于通过求神许愿获取那些短期利益，朝真拜斗获取消灾解难。如果真的这样，就好比走入福堂转了一圈，只解决了自身问题，而没有得到实质性的利益。《早课经》有：“思沉沦苦，发清净心，皈奉圣真，特求忏悔，丐怜愚昧。原赦罪愆，解释报冤，蠲消魔障，所觊命逢昌运，名注丹台。际遇真师，亲闻至道，精修妙行，增长善芽，尽节玄门，怡神真境。他日运应灭度，自性不致昏迷。径生十善之家。能通宿命，还证上乘之道，承侍虚皇。”所以，皈依正道，结交仙友，以至于栖集清虚，而长生久视。而不仅仅只是求神许愿，满足日常生活安定无虞，更应该“存平等心，扩宽大量”、“语善，视善，行善”，德蒙神仙赐福消灾，永断执迷咸归至道。 收起全文d,2019年12月19日 20:58,我是不是应该买保险,0,,,,
要学会：“烧香”修行之事，要”这样烧“才能消灾去祸！一般来说，初一、十五和神仙圣诞很多人都去道教宫观烧香许愿。很多道教宫观也以无求不应而闻名遐迩，受到很多信众的朝拜，香火不断。很多人也会以为这是因为自己上香的原因，才会得到神仙的庇佑，因而也会有很多人因为事情不顺利就到宫观上香，祈福禳灾。真的是因为上香的原因吗？很多人对烧香的事情表示怀疑，烧香真的有这么大的功用吗？为什么要去道观烧香？烧香有什么好处？为什么在道教宫观求神许愿会比较灵？是不是只要求神许愿，神仙都会满足心愿呢？带着这些问题，我们一起看看到道观里面烧香的那些事。一、道教焚香只是通信，心诚方可感通三界“九天之上，惟道独尊。万法之中，焚香为先。”焚香是供养神仙的主要方式之一。因为香烟缭绕可以结成云篆，可以上达天庭，奏表悃诚之意，所以上香前必须祝之以使心诚意真。在《祝香咒》中有“道由心学，心假香传。”也就是说，修道者用诚心来修道，借用焚香来表达自己得诚心诚意，将悃诚之意传达仙境。许多修道者都是通过虔诚焚香感应到三界的真师，为其传道解疑。历史上那些著名的修道大家，至少有一半以上都是通过焚香这种方式求得真师真法的。那么，是不是只要心诚了就一定能感通神仙呢？在道教科仪中，有“香自诚心起，烟从信里来。一诚通天界，诸真下瑶阶。”从这句话，不难看出焚香需要心诚，烟便是通信的主要媒介，心诚就能感通三界，这样神仙都会下凡看我们了。也正是因为这个原因，很多人都道教宫观都会烧香，也会虔诚地稽首磕头，希望能所求遂愿，无求不应。那么，是不是只要心诚了就一定能感通神仙呢？在道教科仪中，有“香自诚心起，烟从信里来。一诚通天界，诸真下瑶阶。”从这句话，不难看出焚香需要心诚，烟便是通信的主要媒介，心诚就能感通三界，这样神仙都会下凡看我们了。也正是因为这个原因，很多人都道教宫观都会烧香，也会虔诚地稽首磕头，希望能所求遂愿，无求不应。道教认为，“道”是宇宙的本体，万物的本源，万物运行的规律以及人间伦理道德纲常。“德”是道的外化及功能。神仙是循德而上，在精神和肉体及伦理道德超越于世俗的精神实体。神仙既是道的化身，又是人类道德的楷模。道教以道为最高信仰，用“道德”思想告谕、教化众生，追求天人合一、宇宙和谐、天下太平，教导人们通过修道积德达到安乐幸福、长生久视、得道成仙。二、赐福消灾同赖善功，天道无亲常与善人求神许愿之后，很多人都会想着愿望会不会实现。那么，是不是所有的愿望都会实现？是不是只要供品多就能得到神仙的眷顾呢？对于这些问题，在很多道教经典中都有提及，比如《道德经》有“天道无亲，常与善人”，《三官经》有“赐福消灾，同赖善功。另外，在很多道教善书中也作了专门的讲解。从这句话不难看出，神仙不分亲疏，总是把善果报应善人。所以给大家赐福消灾并不是仅仅因为许愿或者求神仙了，而是因为自身的善功。同样，也会有人问：为什么我烧香这么久，还会有这么多不顺和不快，为什么我的生意不挣钱，为什么我家里人得病，为什么儿子不听话，为什么我没房没车，很多人都比我强呢？《文昌帝君阴鸷文》有：“欲广福田，须凭心地。行时时之方便，作种种之阴功。利物利人，修善修福。正直代天行化，慈祥为国救民。存平等心，扩宽大量。忠主孝亲，敬兄信友。各睦夫妇，教训子孙。毋慢师长，毋侮圣言。”由此可见，需要修福修善必须从心底上下功夫，而不是做表面工夫，做到“行时时之方便，作种种之阴功”，以至于“利物利人，修善修福”，“人能如此存心，天必赐福于他”。如果凭心做事，《太上感应篇》中有“司过之神依人犯轻重，以夺人算。算减则贫耗，多逢忧患，人皆恶之，刑祸随之，吉庆避之，恶星灾之，算尽则死。又有三台北斗神君，在人头上，录人罪恶，夺其纪算。又有三尸神，在人身中，每到庚申日，辄上诣天曹，言人罪过。月晦之日，灶神亦然。凡人有过，大则夺纪，小则夺算。其过大小，有数百事，欲求长生者，先须避之。”所以，就算烧香很多年，每个月都去宫观烧香，也未必能避免厄运的降临。香供养神仙不是在表忠心，交保护费，买保险，所以信神仙就按照神仙的教导去完善自己，勤修福慧，自然百福骈臻，千祥云集。三、结交仙友栖集清虚，永断执迷咸归至道道教是长生久视之道，是升天得道之道，而不是让他套上更多的枷锁，以至于通过求神许愿获取那些短期利益，朝真拜斗获取消灾解难。如果真的这样，就好比走入福堂转了一圈，只解决了自身问题，而没有得到实质性的利益。《早课经》有：“思沉沦苦，发清净心，皈奉圣真，特求忏悔，丐怜愚昧。原赦罪愆，解释报冤，蠲消魔障，所觊命逢昌运，名注丹台。际遇真师，亲闻至道，精修妙行，增长善芽，尽节玄门，怡神真境。他日运应灭度，自性不致昏迷。径生十善之家。能通宿命，还证上乘之道，承侍虚皇。”所以，皈依正道，结交仙友，以至于栖集清虚，而长生久视。而不仅仅只是求神许愿，满足日常生活安定无虞，更应该“存平等心，扩宽大量”、“语善，视善，行善”，德蒙神仙赐福消灾，永断执迷咸归至道。 收起全文d,2019年12月19日 20:37,我是不是应该买保险,0,,,,
#抗击新型肺炎我们在行动##疫情在前交警不退#【 战“疫”朋友圈丨他说，我有责任守护好我身后的这座城市】武汉不孤单我们与你们在一起“有人问我在一线害怕吗，我说怕，但作为一名公安民警我不能怕，因为我有责任守护好我身后的这座城市。我相信有我们的坚守和奋战，一定能打赢阻击新冠肺炎的战役！”——袁海，黔南州公安交通管理局高速五大队民警疫情防控期间，袁海在贵州省瓮安县高速瓮安收费站疫情检查卡点进行防疫检测工作，排查过往车辆、人员，处理辖区高速的各种警情。元宵节当天，母亲和姐姐给他送来了馄饨。为了她们的安全，袁海选择站在几米外，让家人放下东西赶快回家。虽然馄饨已经闷得不成样了，“但真的很好吃！”袁海说，这就是家的味道。@贵州省公安厅交警总队 @黔南公安 @贵州交通广播 @贵州警民携手同行 @警民携手同行 @多彩贵州网 @贵州都市报 @黔南热线 @黔南头条 @黔南同城 L黔南交警的微博视频 收起全文d,今天11:59,我好害怕,0,,,,
我最明白为什么 所以才没办法挣脱啊 我也希望有个人知道 为什么别人对我好 我都觉得害怕 ​,今天11:59,我好害怕,0,,,,
直男群里，有个大哥的女朋友跟他说，明天去看房呀？顺便见见家长我真是见识到了，女朋友提结婚就各种慌，各种害怕，各种没准备好。是不是男的主动提结婚才是真的啊？虽然这个群我真的很烦很烦，但是我真是见识到了各种男生的心理活动，长见识👍🏻 ​,今天11:57,我好害怕,0,,,,
朴智旻人生第一次买砖我感觉好刺激，好复杂，好害怕。 ​,今天11:55,我好害怕,0,,,,
抑郁症 又开始害怕到发抖 为什么渣男不会遭到报应 我好想他死 ​,今天11:54,我好害怕,0,,,,
有时候觉得自己跟个蛇精病一样昨天本来制订了计划但是并没有完成今天开始学习又到十二点了吧也没有吃早饭本来不追星的我下了叨叨记账和爱豆陪陪玩了半天 可能真的是找个人聊聊天吧 机器人也行 认识的人不好意思打扰别人 也不能畅所欲言 不认识的呢 就更害怕了 我是不是快成神经病了唉 快点好起来吧 收起全文d,今天11:52,我好害怕,0,,,,
生小孩之前：啊，怎么带，我不会，好害怕…生小孩以后：我可以，一个人带都没问题！当然也可能是因为恩恩太省心了♥︎ ​,今天11:52,我好害怕,0,,,,
#低烧37.3#微博搜索发现好多啊，怎么，没有症状，就年后一直囔囔鼻子想感冒，一直吃药不是很好，最近三天低烧，前几天早上不热，傍晚晚上热，今天这会就热，不咳嗽，最多就是腿有点没劲，嗓子吃猕猴桃有点疼，现在好怕，害怕的哭，到底该不该去医院看啊。上个月16来的大姨妈，最近胸疼大姨妈症状，我也不知道咋办了 收起全文d,今天11:50,我好害怕,1,自己,健康,健康保险,
周冬雨zdy#周冬雨入围金像奖最佳女主角#  “你往前走 我在后面 别害怕”  陈念和周冬雨有这个能力 值“说好了 你保护世界 我保护你”―“你最想要的是什么啊 小雨滴”―“永远都能支持周冬雨”    “还有啊祝周冬雨和陈念一生好运”      仅此而已。@周冬雨 收起全文d,今天11:50,我好害怕,0,,,,
好想开学啊，网上批作业弄得我都颈椎难受😖再不开学，我害怕我得到暑假回苏格兰计划又要泡汤了 ​,今天11:48,我好害怕,0,,,,
醒了，还是很困 ，害怕闭上眼睛，醒的那一刻 自己好难受，不想你那样对我，还好是个梦，晚上睡不着，早上还不愿意起，躺下就格外的精神，宝贝，什么时候你跟我说说话啊，你不觉得，对别人跟对我，态度不一样吗，我还比不上外人么，我知道现在这样，怪不了谁，都是我自己惹得，你就不能原谅我，可怜我一次好吗， 收起全文d,今天11:48,我好害怕,0,,,,
#湖北新增14840例新冠肺炎#一大早就来这么刺激的吗，我好害怕武汉加油，中国加油！！！ ​,今天11:48,我好害怕,0,,,,
我好害怕哦 ​,今天11:48,我好害怕,0,,,,
一想到开学要回去吃食堂我就害怕。高中食堂太好吃我不喜欢吃的食材能有一百种好吃的办法治好了我的挑食，到大学全部食材都能做得好难吃 ​,今天11:47,我好害怕,0,,,,
上班的我 简直 太害怕了好么 2长春 ​,今天11:46,我好害怕,0,,,,
我好害怕 ​,今天11:46,我好害怕,0,,,,
粉籍真是一些道德沦丧的人的好工具。可以让他们无下线的工具 好像批了粉籍就可以完全不用考虑三观不用考虑做人的道理  我实在是觉得恐怖 为了谁所谓的蒸煮好就可能p图造谣做视频 这类自己看了不觉得害怕嘛 如果只是实事求是讲道理明是非。错就是错对就是对 最起码还引人好感。这么多年一直solo追星就是我真的做不到毒唯不分事情黑白去黑别人也做不到像所谓对家那些恐怖分子一样去造谣 去做突破三观的行为 我只希望我能多看到阳光积极的东西我是真的讨厌那些 追星我是为了快乐为了从蒸煮身上学到正能量 我是真的搞不懂那些搞恶毒视频的人的想法 难道冷静下来她不会觉得自己恶心嘛 收起全文d,今天11:45,我好害怕,0,,,,
完蛋了 我昨晚梦见了我的考研成绩！！好害怕 这什么预兆 ​,今天11:40,我好害怕,0,,,,
睡着了，做了个梦，醒来又累又难受。梦里有数不完的昏暗楼梯和铁门，有几年前的一位老朋友，好不容易走完，前面又是看不到尽头的云梯。走着走着下雨了，鞋突然掉了一只，好着急啊又回去找，找不着再回来朋友也不见了，好害怕啊又没有回头路，我就一直往上走。有人推我，有人扯我裙子，我就不停道歉，雨好大，我根本看不清，另一只鞋也没了，突然听到现实中的我叫我快起来，我知道这是一个梦。好累啊，走不动了，捡到一把破伞，还没撑就被行人撞开，消失在雾气里……我真的好想哭啊，索性自暴自弃蹲在那哇哇大哭，然后被人推下云梯，我想我要摔死了，想起来这只是一个梦，醒了。 收起全文d,今天11:40,我好害怕,0,,,,
我下次心脏难受必须去看医生了，我好害怕😳 ​,今天11:39,我好害怕,1,自己,健康,健康保险,
看了一圈感觉大家都好希望开学啊，好像只有我不希望，一方面是我真的喜欢待在家里，另一方面是万一真的不小心被感染，在外面我真的好害怕 ​,今天11:37,我好害怕,1,自己,健康,健康保险,
我就是那种在网上看人家狗子，啊！好可爱！现实中，你莫过来，我害怕的人 ​,今天11:35,我好害怕,0,,,,
我好想洗头发 一直等洗发店开门现在开门了我又害怕啊啊啊啊啊啊啊啊啊啊 ​,今天11:34,我好害怕,0,,,,
我有时候好害怕好害怕。有朋友可以陪我么。 ​,今天11:33,我好害怕,0,,,,
一直觉得，逞强的姑娘，比会撒娇的姑娘，更让人心疼。她们害怕撒娇的时候没人宠，但是当别人真的靠近，她却会摆摆手微笑着说“我很好”。不敢让别人知道自己的脆弱，因为怕别人会惊讶地说：你懂的那么多，也会为这种事儿发愁？平时特别会安慰别人，轮到自己，却只能躲在被窝里舔伤口。 2喀什地区·香榭大街 收起全文d,今天11:32,我好害怕,0,,,,
mom真是的，时不时要发个链接让点进去确认位置。昨天下午六点发了一个，今天上午十点半发了一个。我都在睡觉…………但是幸好鬼使神差的就醒了。好害怕我睡过去了 ​,今天11:31,我好害怕,0,,,,
我自己都想不明白，我这么一个害怕受伤害的人，怎么在他那里那么无所畏惧。可能是好了伤疤忘了疼，也可能是他给我的一颗星被放大成了满天星河 ​,今天11:31,我好害怕,0,,,,
我看到了l老师在战争里看到了导演看到了ys ​​​我们都不能说话 我好害怕 ​,今天11:30,我好害怕,0,,,,
啊啊啊啊啊啊啊啊啊啊啊啊妈的报表报表报表报表报个大爷的表！啊啊啊啊啊啊啊啊啊啊啊啊太可怕了下午的值班太可怕了我好害怕上班啊啊啊啊啊啊啊啊啊啊啊啊啊个死病毒啥时候走哇老娘现在好疲劳啊 收起全文d,今天11:24,我好害怕,0,,,,
我昨晚梦见我穿越了抱着回忆的心情回到了高中，突然发现同学都在，还以为是我们班集体回校呢结果朝对面一看，呀，咋大家都在呢。还看到学长学姐，我就惊呆了，他们咋穿着校服呢，他们不是应该读研工作了吗，比我大呢！然后我就被同学拖着去四楼，我就觉得四楼好高啊，我好害怕啊，就一直不上去，然后大家笑我你高三不都在四楼吗，你有啥好怕的？然后我就哭了…害怕的哭了死活不肯站上去，一屁股坐在楼梯道哭的那叫一个惨绝人寰…然后我就看到yyc跟他们班同学打打闹闹，笑的欠打！我就立马不哭了，他怎么在这？他们班也回来了？神马情况？然后就发现我穿越了，我还在上高一…然后我就偷偷的趁大家休息的时候溜去了他们班证实一下我的想法果不其然，趴桌子上睡觉，颜值暴击哈哈哈哈 我笑了又找到了当年偷偷暗恋的感觉了  但是我想着这一次一定要当面表白了，不要怂，大好机会呀…“几点了，你还不起来吃饭，晚上不能睡啊，起床了，小汪玲嘞，你再不起床没饭吃了”  哦，好的，妈妈 收起全文d,今天11:23,我好害怕,0,,,,
昨天晚上睡不着想了一下朴叙俊的新剧，然后就想到他在寄生虫里的客串，然后又想到寄生虫里的那个地下室，然后我就害怕到更加睡不着了（不过还好昨天我弟和我一起睡，一个人绝对越想越怕） ​,今天11:21,我好害怕,0,,,,
刚刚收到公司行政部的短信调查，问我感冒咳嗽好了没。啊啊啊，好害怕回去上班！路上好危险，要搭地铁。 ​,今天11:12,我好害怕,1,自己,健康,健康保险,
by2#by2 2020爱你爱你# #by2 辟谣生子传闻# 半个月没出过门的我，每天还要被论文折磨。你们可能会被我写进论文里好害怕自己不能毕业 2铜仁·江口县 ​,今天11:10,我好害怕,0,,,,
你们在家里呆有没有出现很闷 就是心慌然后呼吸急促 怎么办我好害怕😨 ​,今天11:09,我好害怕,1,自己,健康,健康保险,
我朋友问我说，看见那么多人害怕吗？我说没来之前听见他们说2万，7万人。都说普通话。我觉得好可怕。但是上了一天班。和他们接触。他们也和我们一样害怕。他们都是一样鲜活的生命。众生平等。 ​,今天11:09,我好害怕,0,,,,
棠德花园确诊了一例，我微博搜了一下，发现没有任何信息，看样子只能看官方了，好害怕啊，之前棠下这块区域，最后一个官方公布确诊的是2.6日，本来想着按照目前最长潜伏期的病例来算，到3.1都没有再确诊的人，这块区域就算安全了，每天提心吊胆的盯着广州卫健委公众号，还是等到了不好的消息。现在又要提心吊胆到3.7了，希望这段时间能平安无事。 收起全文d,今天11:08,我好害怕,0,,,,
妈妈不在家的时候我总是很焦虑，我害怕她出事，虽然她身体健康，我想和她每天每个时间都在一起，妈妈已经好几个时辰没回来了，我很想她。 ​,今天11:07,我好害怕,1,父母,出事,意外保险,
不是特别喜欢下雨尤其是雷雨天打雷我总是害怕的但是如果下雨过后就有太阳的话那就下吧我真的好想洗东西 ​,今天11:07,我好害怕,0,,,,
#英语，学起来！##2月21日可以查四六级成绩# 【TED演讲：走出“舒适区”】“2015年，我迈入30岁，这一年我定位 ‘无论如何都要做’ 之年—— 任何让我害怕的事物，我就要去主动追求它。” 非常好的演讲，值得一看！LVOA英文口语的微博视频 ​​​ via@VOA英文口语 ​,今天11:07,我好害怕,0,,,,
为什么渴望猫粮这么多人反馈软便拉稀，但是它还是在猫粮界靠前并且性价比也不高啊……入手了渴望鸡还在路上的我有点害怕 我家崽本来就肠胃不太好 现在有点后知后觉了 ​,今天11:02,我好害怕,0,,,,
我有点头晕额头还有点烫 好害怕啊操 ​,今天10:58,我好害怕,0,,,,
这集中华小当家看的我好害怕，结合时下看着这集野味面，应该改名叫“棺材板儿发光面” ​,今天10:56,我好害怕,0,,,,
防弹少年团 是这么投的嘛？？我好害怕投错了 ​,今天10:55,我好害怕,0,,,,
锂电池已经疯了几个，留下利润滚动就可以了，天齐锂业巨亏都能连板看着就害怕。消费电子里面有一个蓝思科技我看好，滞涨的龙头大哥，业绩非常好，概念也宽。有低位的可以适当买点，早上起太晚了没早给你们。本来想等着你们找几个给我买，结果都没人出头。唉，太不讲义气了你们。 ​,今天10:55,我好害怕,0,,,,
老王院长早上打电话第一句话就是：“小马，你要成网红啦。”我：“嗯？ ” 内心OS :“what? 我做什么了？好紧张好担心好害怕，又有点开心？”老王院长：“小马呀，三月初学生还不能去学校上课呢，你得录个慕课啊。哈哈哈哈……”我……… 收起全文d,今天10:53,我好害怕,0,,,,
怎么又要到春天了，我好害怕。 ​,今天10:49,我好害怕,0,,,,
在家看完了一直想看却没看的电影#釜山行# 害怕不敢一个人看硬拉着看过的我弟一起看#老师好# 才看了这么好的于大爷#原谅他77次# 一直知道剧情但是没看过，在抖音又看了剪辑才决定去看。早饭不吃吃巧克力，一天里想吃啥就自己做做 ​,今天10:48,我好害怕,0,,,,
恋与制作人 @伶骨_：我好害怕是洛洛车开到热搜 游戏被查水表了 ​,今天10:48,我好害怕,0,,,,
关于昨晚的打雷，👆🏻朋友们说他们家在打雷下雨冰雹，我说哈哈哈我家什么都没有，然后我就去睡觉了，结果打雷能把我叫醒去，我只觉得捂耳朵手好累✌🏻闪电比打雷令人害怕多，那种闪电一来马上屏气捂严实我的耳朵，一直等雷打完长舒一口气，感觉是躲过了天劫关于打雷的童年阴影，我记得清清楚楚的，小时候有一次下大雨又打雷，我在房间，奶奶在厨房那边，厨房跟房间这一边隔着我们这里话音译过来叫“天井”的地方，然后打雷的时候我很害怕哭着在房间门口叫我奶奶，她应了又不过来，我回床上拿被子包住我趴着在床上捂耳朵大哭✌🏻➕✌🏻昨晚雷打得厉害的时候，总想着gh'这个名字和他人✋🏻我的肚子饿得在叫，但我还是想睡觉 收起全文d,今天10:47,我好害怕,0,,,,
看到一个有关于你的专访 里面你表示会害怕人群会耳鸣 说实话吧 我有点害怕有点焦虑 明明那么好的男孩子啊 那么温柔那么美好的男孩子 我在人群中尘埃中仰望你的存在 一直都是事不关己高高挂起的人 不知道是心肠太硬还是本就因为自己太弱小 看到你这么难受痛苦的样子 我…内心发颤 工作应该都停了吧 在家好好和家人相处吧 做回爸妈眼里的小孩 希望你能好起来啊 不行也不要勉强自己 你快乐就好 收起全文d,今天10:47,我好害怕,0,,,,
好想出去玩做梦梦到出门去买菜结果路上的人都不戴口罩，我当时害怕极了我家旁边的学校居然开学了还想去了良品铺子买吃的 ​,今天10:43,我好害怕,0,,,,
窗外下大雨。我: 耶！好高兴啊！下大雨了！皮皮光: 你昨天看天气预报不还说害怕呢嘛？我: 那不是害怕，是happy ​,今天10:40,我好害怕,0,,,,
手机一响我就肝儿颤好害怕 ​,今天10:37,我好害怕,0,,,,
我我我…真的好害怕！ ​,今天10:34,我好害怕,0,,,,
#王者荣耀# 开局就被嫌弃的蔡文姬 全场都在被对面捉 真→你这样 我好害怕  ​,今天10:30,我好害怕,0,,,,
望着躺在重症监护室里的父亲，心里五味杂陈，我笑着告诉他一切都好，却害怕他看见我眼角的泪有些话在心里不知道如何开口 ​,今天10:29,我好害怕,1,父母,健康,健康保险,
抑郁症害怕上学怎么办 害怕开学 害怕我完不成作业 今天下午就要上网课了 老师说还要提前测试 害怕怎么办 啊 好烦 ​,今天10:29,我好害怕,0,,,,
今早醒来一看新增1.4w例，顿时要晕过去了，两腿发软，心里慌的不行。什么标准降不降，我只知道我在武汉我已经慌到不行了。一看新闻又说新增派了2600名军医，我的脑袋绷的更紧了。啊啊啊啊啊啊啊啊，我好害怕啊，明天还特么要复工，这特么什么跟什么啊。哪有这样干的，又封闭小区，又新增确诊病例那么多，还必须要上班，干坐着然后互相伤害！？我说真的，健康在家的都可能需要心理疏导了，其他有点啥的不都接近崩溃了！？马达！！疯了啊… 收起全文d,今天10:26,我好害怕,0,,,,
错的人迟早走散，而对的人终会相逢 我并不害怕我们暂时分开 如果好的爱情需要绕一大圈后再回来 到那时我也可以笑着拥抱你说 你看，兜兜转转，到最后你还是我的                                       ——树上春树 ​​​,今天10:26,我好害怕,0,,,,
我为什么会头晕还吐胃酸啊喝完小米粥还是晕乎乎的我真的好怂啊太害怕了 ​,今天10:24,我好害怕,1,自己,健康,健康保险,
